root pos x,root pos y,root pos z,root rot w,root rot x,root rot y,root rot z,l_hip_pitch,l_hip_roll,l_thigh,l_calf,l_ankle_pitch,l_ankle_roll,r_hip_pitch,r_hip_roll,r_thigh,r_calf,r_ankle_pitch,r_ankle_roll,l_shoulder_pitch,l_shoulder_roll,l_upper_arm,l_elbow,l_wrist,r_shoulder_pitch,r_shoulder_roll,r_upper_arm,r_elbow,r_wrist
0.0,0.0,0.375,0.0,0.0,0.003481,0.999994,-0.12652,0.007596,0.006006,0.3,-0.194565,-0.003549,-0.119138,-0.018876,0.006937,0.3,-0.211693,0.015531,-0.030364,0.005442,-0.025183,-0.061613,0.008421,-0.015442,0.001366,0.021056,-0.048668,-0.038716
0.0,0.0,0.374787,0.001497,0.002737,0.003361,0.999989,-0.153039,0.015192,0.012012,0.416667,-0.18913,-0.007097,-0.119138,-0.018876,0.006937,0.3,-0.211693,0.015531,-0.060729,0.010885,-0.050365,-0.123226,0.016842,-0.030884,0.002731,0.042112,-0.097337,-0.077432
0.0,0.0,0.374574,0.002994,0.005475,0.003241,0.999975,-0.179559,0.022789,0.018018,0.533333,-0.183695,-0.010646,-0.119138,-0.018876,0.006937,0.3,-0.211693,0.015531,-0.091093,0.016327,-0.075548,-0.184839,0.025263,-0.046326,0.004097,0.063168,-0.146005,-0.116147
0.0,0.0,0.374362,0.004491,0.008212,0.003121,0.999951,-0.206078,0.030385,0.024023,0.65,-0.17826,-0.014194,-0.119138,-0.018876,0.006937,0.3,-0.211693,0.015531,-0.121458,0.021769,-0.10073,-0.246451,0.033684,-0.061768,0.005462,0.084225,-0.194673,-0.154863
0.0,0.0,0.374149,0.005988,0.010949,0.003002,0.999918,-0.232598,0.037981,0.030029,0.766667,-0.172825,-0.017743,-0.119138,-0.018876,0.006937,0.3,-0.211693,0.015531,-0.151822,0.027212,-0.125913,-0.308064,0.042104,-0.07721,0.006828,0.105281,-0.243341,-0.193579
0.0,0.0,0.373936,0.007485,0.013686,0.002882,0.999874,-0.259117,0.045577,0.036035,0.883333,-0.16739,-0.021292,-0.119138,-0.018876,0.006937,0.3,-0.211693,0.015531,-0.182187,0.032654,-0.151095,-0.369677,0.050525,-0.092652,0.008193,0.126337,-0.29201,-0.232295
0.0,0.0,0.373723,0.008982,0.016423,0.002762,0.999821,-0.285637,0.053173,0.042041,1.0,-0.161955,-0.02484,-0.119138,-0.018876,0.006937,0.3,-0.211693,0.015531,-0.212551,0.038096,-0.176278,-0.43129,0.058946,-0.108094,0.009559,0.147393,-0.340678,-0.271011
0.0,0.0,0.37351,0.010479,0.01916,0.002642,0.999758,-0.312157,0.06077,0.048047,1.0,-0.15652,-0.028389,-0.119138,-0.018876,0.006937,0.3,-0.211693,0.015531,-0.242916,0.043539,-0.201461,-0.492903,0.067367,-0.123536,0.010924,0.168449,-0.389346,-0.309727
0.0,0.0,0.373297,0.011976,0.021896,0.002522,0.999685,-0.338676,0.068366,0.054053,0.916267,-0.151086,-0.031937,-0.119138,-0.018876,0.006937,0.3,-0.211693,0.015531,-0.27328,0.048981,-0.226643,-0.554516,0.075788,-0.138978,0.01229,0.189505,-0.438014,-0.348442
0.0,0.0,0.373085,0.013472,0.024633,0.002402,0.999603,-0.365196,0.075962,0.060058,0.832534,-0.145651,-0.035486,-0.119138,-0.018876,0.006937,0.3,-0.211693,0.015531,-0.303645,0.054423,-0.251826,-0.616129,0.084209,-0.15442,0.013655,0.210562,-0.486683,-0.387158
0.0,0.0,0.372872,0.014969,0.027369,0.002282,0.999511,-0.391715,0.083558,0.066064,0.748802,-0.140216,-0.039035,-0.119138,-0.018876,0.006937,0.3,-0.211693,0.015531,-0.334009,0.059866,-0.277008,-0.677742,0.09263,-0.169862,0.015021,0.231618,-0.535351,-0.425874
0.0,0.0,0.372659,0.016465,0.030105,0.002162,0.999409,-0.418235,0.091155,0.07207,0.665069,-0.134781,-0.042583,-0.119138,-0.018876,0.006937,0.3,-0.211693,0.015531,-0.364374,0.065308,-0.302191,-0.739354,0.101051,-0.185304,0.016386,0.252674,-0.584019,-0.46459
0.0,0.0,0.372446,0.017961,0.03284,0.002042,0.999297,-0.444754,0.098751,0.078076,0.581336,-0.129346,-0.046132,-0.119138,-0.018876,0.006937,0.3,-0.211693,0.015531,-0.394738,0.07075,-0.327373,-0.800967,0.109471,-0.200747,0.017752,0.27373,-0.632687,-0.503306
0.0,0.0,0.372233,0.019457,0.035576,0.001922,0.999176,-0.471274,0.106347,0.084082,0.497603,-0.123911,-0.04968,-0.119138,-0.018876,0.006937,0.3,-0.211693,0.015531,-0.425103,0.076193,-0.352556,-0.86258,0.117892,-0.216189,0.019117,0.294786,-0.681356,-0.542022
0.0,0.0,0.37202,0.020953,0.03831,0.001802,0.999045,-0.497794,0.113943,0.090088,0.41387,-0.118476,-0.053229,-0.119138,-0.018876,0.006937,0.3,-0.211693,0.015531,-0.455467,0.081635,-0.377739,-0.924193,0.126313,-0.231631,0.020483,0.315842,-0.730024,-0.580737
0.0,0.0,0.371808,0.022449,0.041045,0.001682,0.998904,-0.497794,0.113943,0.090088,0.41387,-0.118476,-0.053229,-0.119138,-0.018876,0.006937,0.3,-0.211693,0.015531,-0.485832,0.087077,-0.402921,-0.985806,0.134734,-0.247073,0.021848,0.336898,-0.778692,-0.619453
0.0,0.0,0.371595,0.023944,0.043779,0.001562,0.998753,-0.497794,0.113943,0.090088,0.41387,-0.118476,-0.053229,-0.138276,-0.037752,0.013873,0.416667,-0.223387,0.031061,-0.516196,0.09252,-0.428104,-1.047419,0.143155,-0.262515,0.023214,0.357955,-0.82736,-0.658169
0.0,0.0,0.371382,0.025439,0.046513,0.001442,0.998593,-0.497794,0.113943,0.090088,0.41387,-0.118476,-0.053229,-0.157414,-0.056628,0.02081,0.533333,-0.23508,0.046592,-0.546561,0.097962,-0.453286,-1.109032,0.151576,-0.277957,0.02458,0.379011,-0.876029,-0.696885
0.0,0.0,0.371169,0.026934,0.049246,0.001322,0.998423,-0.497794,0.113943,0.090088,0.41387,-0.118476,-0.053229,-0.176552,-0.075504,0.027747,0.65,-0.246774,0.062123,-0.576925,0.103404,-0.478469,-1.170645,0.159997,-0.293399,0.025945,0.400067,-0.924697,-0.735601
0.0,0.0,0.370956,0.028429,0.051979,0.001202,0.998243,-0.497794,0.113943,0.090088,0.41387,-0.118476,-0.053229,-0.19569,-0.09438,0.034683,0.766667,-0.258467,0.077653,-0.60729,0.108847,-0.503651,-1.232257,0.168418,-0.308841,0.027311,0.421123,-0.973365,-0.774317
0.0,0.0,0.370744,0.029923,0.054711,0.001082,0.998053,-0.497794,0.113943,0.090088,0.41387,-0.118476,-0.053229,-0.214828,-0.113256,0.04162,0.883333,-0.270161,0.093184,-0.637654,0.114289,-0.528834,-1.29387,0.176838,-0.324283,0.028676,0.442179,-1.022033,-0.813032
0.0,0.0,0.370531,0.031417,0.057443,0.000961,0.997854,-0.497794,0.113943,0.090088,0.41387,-0.118476,-0.053229,-0.233966,-0.132132,0.048556,1.0,-0.281854,0.108715,-0.668019,0.119731,-0.554017,-1.355483,0.185259,-0.339725,0.030042,0.463235,-1.070702,-0.851748
0.0,0.0,0.370318,0.032911,0.060174,0.000841,0.997645,-0.497794,0.113943,0.090088,0.41387,-0.118476,-0.053229,-0.253104,-0.151008,0.055493,1.0,-0.293547,0.124245,-0.698383,0.125173,-0.579199,-1.417096,0.19368,-0.355167,0.031407,0.484291,-1.11937,-0.890464
0.0,0.0,0.370105,0.034404,0.062904,0.000721,0.997426,-0.497794,0.113943,0.090088,0.41387,-0.118476,-0.053229,-0.272242,-0.169884,0.06243,0.947189,-0.305241,0.139776,-0.728748,0.130616,-0.604382,-1.478709,0.202101,-0.370609,0.032773,0.505348,-1.168038,-0.92918
0.0,0.0,0.369892,0.035897,0.065634,0.000601,0.997198,-0.497794,0.113943,0.090088,0.41387,-0.118476,-0.053229,-0.29138,-0.18876,0.069366,0.894378,-0.316934,0.155307,-0.759112,0.136058,-0.629564,-1.540322,0.210522,-0.386051,0.034138,0.526404,-1.216706,-0.967896
0.0,0.0,0.369679,0.03739,0.068364,0.000481,0.996959,-0.497794,0.113943,0.090088,0.41387,-0.118476,-0.053229,-0.310518,-0.207636,0.076303,0.841567,-0.328628,0.170837,-0.789477,0.1415,-0.654747,-1.601935,0.218943,-0.401493,0.035504,0.54746,-1.265375,-1.006612
0.0,0.0,0.369467,0.038882,0.071092,0.00036,0.996712,-0.497794,0.113943,0.090088,0.41387,-0.118476,-0.053229,-0.329656,-0.226512,0.08324,0.788756,-0.340321,0.186368,-0.819841,0.146943,-0.679929,-1.663548,0.227364,-0.416935,0.036869,0.568516,-1.314043,-1.045327
0.0,0.0,0.369254,0.040374,0.07382,0.00024,0.996454,-0.497794,0.113943,0.090088,0.41387,-0.118476,-0.053229,-0.348794,-0.245388,0.090176,0.735945,-0.352015,0.201899,-0.850206,0.152385,-0.705112,-1.72516,0.235785,-0.432377,0.038235,0.589572,-1.362711,-1.084043
0.0,0.0,0.369041,0.041866,0.076548,0.00012,0.996187,-0.497794,0.113943,0.090088,0.41387,-0.118476,-0.053229,-0.367932,-0.264264,0.097113,0.683134,-0.363708,0.217429,-0.88057,0.157827,-0.730295,-1.786773,0.244205,-0.447819,0.0396,0.610628,-1.411379,-1.122759
0.0,0.0,0.368828,0.043357,0.079274,-0.0,0.99591,-0.497794,0.113943,0.090088,0.41387,-0.118476,-0.053229,-0.38707,-0.28314,0.10405,0.630323,-0.375401,0.23296,-0.910935,0.16327,-0.755477,-1.848386,0.252626,-0.463261,0.040966,0.631685,-1.460048,-1.161475
0.0,0.0,0.368828,0.043357,0.079274,-0.0,0.99591,-0.524313,0.121539,0.096093,0.41387,-0.113041,-0.056777,-0.406208,-0.302016,0.110986,0.630323,-0.387095,0.248491,-0.941299,0.168712,-0.78066,-1.909999,0.261047,-0.478703,0.042331,0.652741,-1.508716,-1.200191
0.002972,-0.001589,0.364619,0.046382,0.083803,0.00774,0.995372,-0.547035,0.114085,0.091357,0.460223,-0.175663,-0.046137,-0.424797,-0.320337,0.174544,0.655466,-0.420122,0.294851,-0.834414,0.289281,-0.780368,-1.91,0.200394,-0.238572,-0.120409,0.652202,-1.670375,-1.229229
0.003574,-0.001931,0.362361,0.04806,0.088527,0.003495,0.994908,-0.587518,0.119136,0.109592,0.531483,-0.207937,-0.045292,-0.44151,-0.320753,0.165699,0.679131,-0.453315,0.287218,-0.703456,0.425427,-0.7345,-1.91,0.128425,-0.043343,-0.222206,0.611286,-1.775195,-1.251019
0.002477,-0.000813,0.36048,0.050063,0.095629,-0.004602,0.994147,-0.638365,0.12481,0.114659,0.597408,-0.223645,-0.043913,-0.467154,-0.31725,0.11474,0.713034,-0.498039,0.245398,-0.585583,0.557508,-0.704167,-1.91,0.011778,0.086477,-0.326056,0.620059,-1.877034,-1.276196
0.001127,0.000446,0.358781,0.050254,0.098907,-0.017013,0.993681,-0.65859,0.13481,0.131588,0.634431,-0.246458,-0.036893,-0.486079,-0.30653,0.095376,0.733038,-0.537698,0.200705,-0.44723,0.687185,-0.642526,-1.91,-0.02849,0.154851,-0.370949,0.583135,-1.91,-1.302837
-0.000529,-0.001683,0.356986,0.046087,0.096175,-0.032141,0.993777,-0.654535,0.16655,0.157256,0.659975,-0.270423,-0.038655,-0.496101,-0.277949,0.115789,0.735158,-0.549472,0.192787,-0.344953,0.788708,-0.649538,-1.83423,-0.085781,0.189323,-0.382468,0.571001,-1.91,-1.283025
-0.001959,-0.003423,0.356478,0.044692,0.08907,-0.045313,0.99399,-0.640752,0.190064,0.180338,0.67875,-0.27556,-0.049622,-0.500507,-0.258696,0.142028,0.746241,-0.553226,0.188831,-0.318363,0.822253,-0.738455,-1.601905,-0.196724,0.248025,-0.369918,0.538864,-1.900529,-1.273823
-0.004148,-0.004297,0.356979,0.050149,0.087872,-0.054891,0.993353,-0.626662,0.191299,0.203888,0.66,-0.261257,-0.055203,-0.513465,-0.258587,0.165555,0.740595,-0.542966,0.18783,-0.403406,0.731835,-0.923924,-1.224085,-0.370809,0.263242,-0.343795,0.512589,-1.823485,-1.307217
-0.004762,-0.005556,0.356674,0.050117,0.089158,-0.064274,0.992677,-0.622153,0.204458,0.224219,0.664573,-0.274681,-0.04751,-0.528711,-0.245551,0.191421,0.744746,-0.541106,0.183968,-0.391626,0.695347,-0.925686,-1.075782,-0.373315,0.23047,-0.345083,0.537491,-1.814544,-1.248594
-0.005677,-0.006462,0.356097,0.047956,0.084724,-0.077308,0.992243,-0.609341,0.226119,0.245179,0.682114,-0.287098,-0.052253,-0.536217,-0.226458,0.218663,0.752393,-0.538874,0.185862,-0.37838,0.670798,-0.909037,-1.008357,-0.366616,0.186425,-0.325734,0.5899,-1.823023,-1.193852
-0.00613,-0.006869,0.356108,0.049984,0.084183,-0.086673,0.991414,-0.602576,0.232786,0.266233,0.689857,-0.294601,-0.0493,-0.550487,-0.218829,0.242684,0.760693,-0.534709,0.18503,-0.37864,0.669898,-0.945944,-0.94307,-0.35895,0.170301,-0.310713,0.621431,-1.833948,-1.166109
-0.006454,-0.006526,0.356258,0.053327,0.085485,-0.090429,0.990793,-0.606159,0.227325,0.273009,0.69515,-0.300878,-0.035234,-0.560694,-0.22203,0.255881,0.763224,-0.535486,0.183057,-0.399164,0.649604,-0.976885,-0.849421,-0.377352,0.159138,-0.313346,0.643325,-1.840195,-1.133723
-0.007145,-0.0052,0.35629,0.054852,0.090346,-0.102134,0.98914,-0.613976,0.236813,0.293441,0.705839,-0.300034,-0.044365,-0.584996,-0.215408,0.284565,0.760856,-0.525052,0.180494,-0.421029,0.653788,-1.069624,-0.751445,-0.409978,0.157618,-0.336725,0.667158,-1.858402,-1.132517
-0.00694,-0.003933,0.356185,0.05609,0.094758,-0.115335,0.987204,-0.617455,0.248785,0.307407,0.715486,-0.309139,-0.052133,-0.607559,-0.206389,0.311299,0.764919,-0.521003,0.175012,-0.430634,0.670856,-1.214714,-0.660489,-0.424758,0.158304,-0.375625,0.679574,-1.879748,-1.142798
-0.006248,-0.002806,0.35595,0.056291,0.101498,-0.119085,0.986077,-0.628142,0.254944,0.318325,0.719964,-0.31453,-0.065949,-0.626539,-0.201762,0.322223,0.769863,-0.519669,0.164344,-0.459831,0.655336,-1.370215,-0.556316,-0.44924,0.143652,-0.415523,0.687736,-1.909999,-1.137351
-0.007502,-0.002238,0.356612,0.055477,0.106012,-0.104129,0.98734,-0.656066,0.243901,0.279963,0.704981,-0.286817,-0.079952,-0.622328,-0.211587,0.291333,0.758013,-0.513789,0.149722,-0.573689,0.495929,-1.620014,-0.339411,-0.384875,0.139329,-0.391175,0.657468,-1.91,-1.197319
-0.002396,-0.00179,0.357606,0.052668,0.105738,-0.059618,0.991207,-0.670836,0.196184,0.196168,0.679139,-0.27401,-0.084708,-0.549523,-0.253187,0.191213,0.740822,-0.547902,0.131011,-0.687672,0.382384,-1.683249,-0.272351,-0.362326,0.082866,-0.390754,0.623323,-1.91,-1.12792
0.00134,-1.7e-05,0.35827,0.05431,0.102203,0.021912,0.993038,-0.697034,0.095374,0.06827,0.630547,-0.223002,-0.073825,-0.431624,-0.329286,0.013332,0.719958,-0.587287,0.135675,-0.853423,0.217124,-1.618203,-0.283662,-0.32173,0.064647,-0.353568,0.572812,-1.91,-1.102162
0.00781,0.0012,0.356341,0.053996,0.10131,0.122316,0.985829,-0.71827,-0.013064,-0.093326,0.577352,-0.167553,-0.091942,-0.280868,-0.387116,-0.21499,0.720652,-0.657072,0.149961,-1.018179,0.031105,-1.445484,-0.347447,-0.247274,0.037761,-0.273328,0.443166,-1.91,-1.146208
0.01209,-0.000577,0.353937,0.041993,0.098681,0.216378,0.970401,-0.746646,-0.084755,-0.263187,0.54522,-0.112183,-0.129008,-0.135034,-0.370594,-0.421652,0.694187,-0.687893,0.173388,-1.08052,-0.070342,-1.248186,-0.508906,-0.138356,-0.039047,-0.185015,0.367972,-1.91,-1.233695
0.015455,-0.004248,0.352281,0.026711,0.078723,0.293501,0.952337,-0.739579,-0.127956,-0.406027,0.539607,-0.088014,-0.151872,0.016005,-0.291105,-0.580974,0.635358,-0.696294,0.180177,-0.981901,-0.062558,-1.065925,-0.785602,-0.014921,-0.206773,-0.150822,0.332502,-1.91,-1.174272
0.017238,-0.007394,0.352252,-0.000415,0.059475,0.332931,0.941073,-0.739175,-0.112971,-0.508189,0.555322,-0.08852,-0.167218,0.109183,-0.167191,-0.657393,0.529111,-0.652825,0.18323,-0.75731,0.081232,-0.923503,-1.184738,0.105081,-0.490568,-0.106697,0.347979,-1.91,-0.991936
0.016694,-0.01072,0.353648,-0.038609,0.056409,0.316018,0.946288,-0.776268,-0.021935,-0.522946,0.588491,-0.109758,-0.186348,0.078495,-0.066253,-0.589292,0.471458,-0.609463,0.136382,-0.470033,0.246105,-0.687684,-1.567823,0.325785,-1.051585,0.182309,0.32185,-1.378214,-0.914256
0.016325,-0.01292,0.355475,-0.051935,0.048238,0.275857,0.958582,-0.759529,0.064476,-0.463882,0.610254,-0.147174,-0.184926,0.064345,-0.032648,-0.483716,0.433403,-0.56807,0.112815,-0.177009,0.263449,-0.391343,-1.728762,0.629226,-1.580211,0.347186,0.264115,-0.51055,-0.043889
0.018113,-0.01684,0.355226,-0.079222,0.032097,0.292982,0.952289,-0.791712,0.095223,-0.52435,0.674281,-0.165033,-0.208584,0.11545,0.06366,-0.475936,0.360634,-0.521364,0.103123,-0.087014,0.28408,-0.365362,-1.669866,0.63207,-1.69281,0.359999,0.777278,-0.348906,0.116614
0.020031,-0.018369,0.354863,-0.084434,0.031193,0.32987,0.939725,-0.811858,0.058086,-0.550175,0.678462,-0.140259,-0.214745,0.138321,0.094382,-0.520032,0.345792,-0.518548,0.09505,-0.087574,0.27965,-0.443275,-1.618112,0.661812,-1.57847,0.26234,0.651708,-0.452508,0.057054
0.020362,-0.018046,0.356466,-0.08341,0.038254,0.313215,0.945239,-0.801777,0.082612,-0.500228,0.659921,-0.148618,-0.194823,0.103391,0.075277,-0.481666,0.368596,-0.514268,0.083091,-0.049745,0.277687,-0.445429,-1.621629,0.662691,-1.508303,0.244998,0.632247,-0.542334,0.118121
0.017614,-0.017743,0.355878,-0.089169,0.042462,0.28384,0.953772,-0.818248,0.122475,-0.455751,0.685715,-0.176025,-0.188155,0.062104,0.071566,-0.440177,0.384856,-0.518573,0.072946,-0.027644,0.309378,-0.450387,-1.617585,0.711552,-1.521075,0.295857,0.667378,-0.544751,0.068954
0.01479,-0.014901,0.355819,-0.086757,0.050547,0.257109,0.961152,-0.83138,0.136814,-0.397686,0.709946,-0.18706,-0.176598,0.022213,0.042676,-0.416758,0.407003,-0.521928,0.082777,-0.055083,0.33826,-0.516562,-1.599825,0.688875,-1.51131,0.325614,0.666819,-0.553528,0.05631
0.011648,-0.011418,0.356321,-0.085242,0.063694,0.212432,0.971365,-0.842181,0.173051,-0.317397,0.732512,-0.214355,-0.151343,-0.047654,0.005255,-0.335076,0.425205,-0.510429,0.095598,-0.067578,0.352892,-0.543879,-1.58525,0.70158,-1.520986,0.36,0.683381,-0.587119,0.029406
0.008112,-0.006462,0.356817,-0.082739,0.082135,0.163988,0.979549,-0.862566,0.203995,-0.233763,0.75845,-0.239726,-0.119903,-0.140037,-0.036131,-0.251382,0.453697,-0.483062,0.12664,-0.089111,0.346773,-0.550586,-1.560355,0.673831,-1.534508,0.36,0.695518,-0.637559,-0.025077
0.004936,0.000896,0.358746,-0.080325,0.100419,0.108505,0.985744,-0.871776,0.238202,-0.147315,0.777639,-0.265822,-0.076124,-0.246549,-0.064541,-0.146252,0.486249,-0.461439,0.115199,-0.105977,0.336849,-0.529871,-1.530328,0.641476,-1.549996,0.36,0.702691,-0.69208,-0.078192
-0.000322,0.008739,0.359591,-0.071031,0.119137,0.048211,0.98916,-0.87512,0.264042,-0.035036,0.785053,-0.28604,-0.022323,-0.371952,-0.097944,-0.048219,0.525225,-0.419806,0.144415,-0.134872,0.297428,-0.630355,-1.457065,0.669107,-1.526093,0.36,0.73822,-0.764133,-0.151161
-0.00309,0.017767,0.361436,-0.062709,0.132507,-0.021281,0.988967,-0.852847,0.302862,0.101866,0.801954,-0.331016,0.037585,-0.46327,-0.105675,0.05046,0.51138,-0.346365,0.162587,-0.156109,0.28052,-0.685534,-1.402697,0.682601,-1.455212,0.36,0.770291,-0.866872,-0.191942
-0.007282,0.028177,0.363372,-0.049047,0.147036,-0.092316,0.983592,-0.816888,0.325642,0.253167,0.775417,-0.345429,0.090205,-0.541474,-0.115723,0.112476,0.457077,-0.244956,0.196679,-0.16724,0.251049,-0.732351,-1.357921,0.709958,-1.367339,0.36,0.795265,-0.967248,-0.269136
-0.012556,0.039989,0.365708,-0.039188,0.153842,-0.164629,0.973496,-0.781456,0.349338,0.394279,0.762657,-0.358009,0.146049,-0.588167,-0.100265,0.090396,0.397115,-0.151414,0.176315,-0.180441,0.230562,-0.777449,-1.319101,0.71426,-1.267197,0.36,0.844537,-1.068375,-0.354301
-0.015069,0.058948,0.367326,-0.031926,0.159342,-0.233863,0.958592,-0.755118,0.351459,0.519354,0.75863,-0.385948,0.210195,-0.604262,-0.088123,-0.105064,0.391545,-0.136656,0.09551,-0.215277,0.222341,-0.836479,-1.286207,0.716261,-1.163179,0.36,0.866754,-1.179668,-0.532866
-0.010889,0.080967,0.369214,-0.025548,0.16232,-0.300326,0.939577,-0.722552,0.330686,0.561826,0.728892,-0.398884,0.23114,-0.605363,-0.082907,-0.340217,0.430331,-0.161011,0.003383,-0.266092,0.206428,-0.882405,-1.25879,0.712481,-1.082848,0.36,0.899612,-1.294601,-0.74094
-0.002658,0.105697,0.373423,-0.019039,0.160414,-0.358102,0.919602,-0.705378,0.276419,0.463382,0.659176,-0.364223,0.236014,-0.625977,-0.114785,-0.513562,0.490938,-0.105991,-0.074588,-0.309634,0.178084,-0.927276,-1.250635,0.717412,-1.041801,0.36,0.920284,-1.39412,-0.891079
0.017647,0.116172,0.376519,-0.011152,0.151178,-0.403049,0.902536,-0.649023,0.212287,0.305802,0.629731,-0.393214,0.211878,-0.583733,-0.16716,-0.615218,0.55018,-0.086346,-0.085325,-0.38974,0.109204,-0.976123,-1.218983,0.714415,-1.007959,0.36,0.930714,-1.488043,-1.016721
0.03246,0.125518,0.377055,-0.000102,0.141554,-0.444992,0.884277,-0.608601,0.157838,0.1661,0.587955,-0.396215,0.169631,-0.575768,-0.228278,-0.641691,0.602186,-0.071641,-0.079234,-0.490486,0.025924,-1.037383,-1.169787,0.730768,-0.992974,0.36,0.908422,-1.575955,-1.183978
0.044969,0.131435,0.376078,0.016256,0.131239,-0.482508,0.865851,-0.569318,0.104913,0.081063,0.542654,-0.390419,0.141324,-0.562166,-0.289092,-0.685463,0.61653,-0.060409,-0.04093,-0.608601,-0.067038,-1.044971,-1.13035,0.727461,-0.995663,0.36,0.884398,-1.648598,-1.338359
0.048232,0.130441,0.376454,0.03368,0.12525,-0.52516,0.841062,-0.54594,0.101463,0.111994,0.528759,-0.357113,0.129472,-0.570921,-0.287645,-0.607072,0.565646,-0.038263,0.020474,-0.709083,-0.151165,-0.993277,-1.089978,0.763113,-1.028808,0.36,0.861638,-1.718668,-1.478601
0.046364,0.129676,0.375234,0.041472,0.109783,-0.560479,0.819812,-0.500476,0.116031,0.165444,0.523599,-0.353983,0.099264,-0.564195,-0.269436,-0.494919,0.490514,-0.003274,0.08777,-0.80258,-0.228713,-0.936789,-1.046778,0.76912,-1.059952,0.36,0.823398,-1.759389,-1.560936
0.046896,0.128196,0.375099,0.04496,0.098915,-0.587348,0.802008,-0.459063,0.126548,0.200141,0.522536,-0.36045,0.081549,-0.552657,-0.252308,-0.431003,0.441915,0.019062,0.109251,-0.869686,-0.307148,-0.913412,-1.017719,0.791615,-1.101083,0.36,0.78035,-1.783349,-1.618642
0.04808,0.125781,0.375446,0.048262,0.090035,-0.610344,0.785522,-0.434489,0.140669,0.181779,0.535969,-0.361906,0.065018,-0.527537,-0.233081,-0.398993,0.388135,0.020989,0.117804,-0.923776,-0.35996,-0.831906,-0.993284,0.841932,-1.145779,0.36,0.731266,-1.787233,-1.665117
0.04948,0.122293,0.375539,0.048602,0.084429,-0.629234,0.771086,-0.417147,0.168211,0.123675,0.552191,-0.365044,0.021596,-0.503637,-0.213174,-0.361023,0.345109,0.016035,0.116645,-0.94352,-0.36,-0.765796,-1.010993,0.916785,-1.191772,0.36,0.679523,-1.782588,-1.713269
0.049543,0.125292,0.375095,0.041293,0.074728,-0.646078,0.758481,-0.407387,0.199855,0.031693,0.55662,-0.339419,-0.034258,-0.496299,-0.19599,-0.329915,0.333551,0.018553,0.110801,-0.920377,-0.36,-0.723469,-1.031589,0.944371,-1.234685,0.36,0.606102,-1.768611,-1.703255
0.04993,0.122328,0.374139,0.039778,0.067529,-0.655773,0.750879,-0.383682,0.215862,-0.044829,0.551,-0.342286,-0.082993,-0.478152,-0.194159,-0.297386,0.331846,-0.009771,0.114986,-0.869409,-0.36,-0.689918,-1.047842,0.942601,-1.255533,0.36,0.562376,-1.735789,-1.677634
0.048389,0.119989,0.373058,0.04071,0.063467,-0.661751,0.745922,-0.358172,0.232278,-0.09574,0.525352,-0.346052,-0.120335,-0.485256,-0.197672,-0.254076,0.354183,-0.033549,0.122216,-0.779543,-0.347035,-0.680057,-1.080993,0.929182,-1.265631,0.36,0.530238,-1.69025,-1.621791
0.045244,0.120125,0.372435,0.037196,0.06038,-0.661442,0.746636,-0.326848,0.249142,-0.104924,0.479903,-0.339528,-0.131112,-0.504124,-0.196372,-0.232239,0.408329,-0.063682,0.110842,-0.589614,-0.227777,-0.726063,-1.205249,0.994565,-1.24411,0.36,0.511974,-1.63972,-1.496716
0.041722,0.111719,0.370726,0.03173,0.070933,-0.658815,0.748281,-0.298264,0.288507,-0.074451,0.475272,-0.393832,-0.134361,-0.498089,-0.164673,-0.249559,0.450132,-0.127623,0.087064,-0.358196,-0.009313,-0.792348,-1.466737,1.062587,-1.189559,0.36,0.547895,-1.647037,-1.335777
0.037081,0.110933,0.37037,0.024797,0.073226,-0.634921,0.768699,-0.319801,0.299767,-0.103792,0.481354,-0.405899,-0.117891,-0.476342,-0.163502,-0.303587,0.481988,-0.177644,0.065915,-0.113905,0.188466,-0.800203,-1.725879,1.125866,-0.936209,0.119053,0.608243,-1.872899,-1.266478
0.032714,0.110557,0.369402,0.015531,0.070002,-0.600607,0.796323,-0.350107,0.301444,-0.184691,0.490168,-0.412554,-0.111933,-0.432584,-0.17513,-0.368953,0.511616,-0.229077,0.052515,0.06686,0.335782,-0.791291,-1.899158,1.179056,-0.753217,-0.097134,0.571838,-1.91,-1.139666
0.027026,0.111037,0.369051,0.012456,0.070208,-0.562155,0.823953,-0.413501,0.293683,-0.215073,0.535589,-0.405675,-0.091251,-0.403892,-0.186461,-0.452129,0.539324,-0.275929,0.03142,0.111414,0.373856,-0.755515,-1.91,1.166304,-0.53475,-0.312852,0.482555,-1.91,-0.987667
0.022841,0.111238,0.368125,0.019144,0.074464,-0.52867,0.845338,-0.470279,0.276994,-0.188244,0.566747,-0.399254,-0.070774,-0.407231,-0.211559,-0.511594,0.57569,-0.318028,0.018958,0.12141,0.36639,-0.763363,-1.91,1.164916,-0.209467,-0.477566,0.337623,-1.909995,-0.937616
0.021199,0.113402,0.367045,0.020977,0.073796,-0.503619,0.860512,-0.495348,0.263671,-0.179105,0.564122,-0.384133,-0.077064,-0.415201,-0.241203,-0.551511,0.623423,-0.347617,-0.000864,0.140732,0.349054,-0.641379,-1.91,1.185675,-0.088835,-0.470525,0.217462,-1.434995,-0.850143
0.021789,0.116317,0.36655,0.02067,0.073976,-0.497559,0.864023,-0.488914,0.262954,-0.162502,0.534728,-0.365797,-0.081842,-0.438586,-0.262101,-0.554647,0.65969,-0.345126,0.00243,0.120658,0.300548,-0.57801,-1.91,1.114147,-0.229076,-0.546206,0.552487,-0.870843,0.259837
0.021679,0.124712,0.365363,0.032862,0.088009,-0.49469,0.863977,-0.548445,0.243164,-0.164972,0.513558,-0.324478,-0.090559,-0.526775,-0.29734,-0.540147,0.692798,-0.317655,0.002979,0.105761,0.25243,-0.561089,-1.91,1.040767,-0.174509,-0.56945,0.506036,-0.895004,-0.086489
0.021845,0.124508,0.36526,0.03575,0.090362,-0.509748,0.854818,-0.552421,0.250468,-0.132302,0.540739,-0.342669,-0.071708,-0.562769,-0.287571,-0.503314,0.708564,-0.317597,-0.01031,0.164713,0.235302,-0.499725,-1.91,0.967684,-0.186158,-0.54581,0.482485,-0.932591,-0.008401
0.022556,0.12334,0.36517,0.035902,0.09336,-0.546292,0.831601,-0.533472,0.286424,-0.066501,0.579898,-0.378544,-0.064506,-0.604061,-0.245632,-0.433357,0.700202,-0.296699,-0.01671,0.171945,0.187405,-0.469599,-1.91,0.957902,-0.260228,-0.494396,0.565461,-0.900175,0.021983
0.023989,0.122149,0.364668,0.044545,0.097739,-0.578539,0.808551,-0.515858,0.30359,0.013034,0.603286,-0.405037,-0.052065,-0.654196,-0.222715,-0.360145,0.69074,-0.272287,-0.003332,0.144543,0.192275,-0.476387,-1.91,0.946441,-0.340513,-0.458141,0.647822,-0.863722,0.030844
0.026683,0.1218,0.364161,0.059331,0.101444,-0.613062,0.781245,-0.493781,0.30413,0.10688,0.614918,-0.429715,-0.030208,-0.723271,-0.209059,-0.273129,0.686227,-0.230412,0.023651,0.087806,0.191323,-0.551941,-1.91,0.884982,-0.434273,-0.399209,0.75309,-0.803922,0.047086
0.031912,0.111122,0.36237,0.064894,0.099984,-0.654012,0.747035,-0.420227,0.320101,0.217206,0.673331,-0.527254,-0.014882,-0.721925,-0.170888,-0.18476,0.664183,-0.234323,0.057614,0.085428,0.162146,-0.50874,-1.91,0.88874,-0.518247,-0.3344,0.797267,-0.76798,0.051822
0.039732,0.103869,0.359772,0.064096,0.096912,-0.721855,0.682221,-0.2976,0.336576,0.410654,0.733261,-0.641497,0.00824,-0.741439,-0.095917,-0.020123,0.61972,-0.187856,0.103751,0.129606,0.137727,-0.447763,-1.91,0.964024,-0.661637,-0.155518,0.892226,-0.687792,0.036074
0.043126,0.101399,0.35687,0.061684,0.08931,-0.789113,0.604582,-0.150524,0.336924,0.639223,0.741719,-0.70275,-0.007485,-0.768286,0.00063,0.153556,0.577766,-0.116981,0.137584,0.145327,0.153885,-0.391977,-1.91,0.996241,-0.72464,-0.010902,0.958535,-0.732183,-0.017191
0.046032,0.097864,0.355408,0.057149,0.074649,-0.840425,0.533712,0.026808,0.2658,0.856101,0.646374,-0.701779,-0.060386,-0.762891,0.074539,0.303504,0.545613,-0.07019,0.156985,0.053748,0.257624,-0.415169,-1.91,1.041913,-0.647101,-0.030037,0.951936,-0.988599,-0.145398
0.040619,0.106827,0.354842,0.054501,0.045956,-0.871618,0.484974,0.1341,0.194222,0.983914,0.53943,-0.618129,-0.125321,-0.779267,0.139916,0.404761,0.562765,-0.016005,0.146729,-0.204738,0.386757,-0.468353,-1.91,0.881638,-0.379408,-0.220985,0.872632,-1.449535,-0.328592
0.054103,0.10247,0.355953,0.08088,-0.000638,-0.84309,0.531655,0.123925,-0.009825,0.859237,0.399378,-0.581346,-0.077981,-0.783229,-0.067215,0.416128,0.614614,-0.09358,0.203682,-0.916524,0.070981,-0.852048,-1.333975,0.443152,-0.03298,-0.371953,0.48389,-1.765291,-0.540975
0.058996,0.103717,0.356481,0.106245,-0.002219,-0.807203,0.58063,0.029252,-0.042665,0.73892,0.398826,-0.566815,-0.034385,-0.812426,-0.187672,0.355491,0.624025,-0.126232,0.220276,-1.58077,-0.36,-1.330804,-0.448793,-0.641664,0.180279,-0.288477,0.218323,-1.877849,-0.654971
0.063021,0.101372,0.355025,0.106025,-0.017978,-0.828956,0.548878,0.088647,-0.117369,0.79931,0.351436,-0.573528,-0.012541,-0.844162,-0.161615,0.453005,0.661399,-0.11863,0.237853,-1.507766,-0.36,-1.016408,-0.38514,-0.124889,0.18411,-0.353813,0.278639,-1.868546,-0.636333
0.067158,0.098127,0.353644,0.109064,-0.020685,-0.836149,0.537152,0.113682,-0.166341,0.820109,0.306459,-0.571477,-0.009298,-0.861708,-0.162953,0.488707,0.675553,-0.128598,0.260265,-1.445762,-0.36,-1.128192,-0.469497,-0.403806,0.131097,-0.388717,0.383472,-1.869054,-0.581088
0.067864,0.098457,0.352873,0.113361,-0.023987,-0.832798,0.541314,0.118962,-0.193733,0.807031,0.270997,-0.567006,0.003176,-0.872747,-0.178545,0.49777,0.685883,-0.139002,0.261467,-1.394341,-0.36,-1.074782,-0.451806,-0.328389,0.126799,-0.39722,0.409992,-1.86332,-0.622467
0.068002,0.098522,0.352464,0.118805,-0.023728,-0.820798,0.558223,0.109948,-0.20088,0.760153,0.249264,-0.565164,0.016949,-0.884434,-0.210383,0.481592,0.70627,-0.155174,0.269011,-1.361185,-0.36,-1.094796,-0.488692,-0.289365,0.121997,-0.42696,0.404769,-1.863557,-0.640738
0.067587,0.096807,0.352146,0.121306,-0.018367,-0.816025,0.564846,0.108529,-0.1944,0.746145,0.236116,-0.56067,0.004155,-0.897636,-0.213815,0.467855,0.733725,-0.173727,0.270654,-1.341383,-0.36,-1.118806,-0.503163,-0.284121,0.093647,-0.45637,0.442775,-1.843657,-0.595113
0.066625,0.094642,0.351912,0.120286,-0.013941,-0.810073,0.573688,0.113831,-0.180739,0.727556,0.228998,-0.559391,-0.006466,-0.903671,-0.21409,0.449167,0.774551,-0.204907,0.263939,-1.322378,-0.36,-1.099683,-0.508152,-0.291539,0.074053,-0.466911,0.474449,-1.806345,-0.548796
0.065117,0.092172,0.351931,0.119165,-0.014131,-0.796985,0.591959,0.116648,-0.166432,0.685613,0.233355,-0.560837,-0.007528,-0.889722,-0.237655,0.424454,0.806036,-0.253775,0.244845,-1.294378,-0.36,-1.061462,-0.532359,-0.292903,0.069297,-0.463862,0.496523,-1.757023,-0.533546
0.062847,0.089792,0.352635,0.117261,-0.017633,-0.782885,0.610762,0.110474,-0.144594,0.639891,0.267385,-0.56585,-0.001111,-0.8529,-0.273387,0.385139,0.817762,-0.303187,0.227167,-1.250695,-0.36,-1.026242,-0.570226,-0.289919,0.068131,-0.444212,0.540499,-1.698124,-0.578293
0.059667,0.08627,0.355757,0.117442,-0.016275,-0.765684,0.632195,0.058729,-0.095373,0.604953,0.373065,-0.570258,0.002087,-0.816904,-0.302009,0.331799,0.824505,-0.333844,0.195209,-1.178748,-0.36,-0.951561,-0.643825,-0.250513,0.024719,-0.426674,0.629649,-1.61085,-0.565912
0.055275,0.08469,0.360262,0.120511,-0.007826,-0.747308,0.653411,-0.09552,0.010876,0.558061,0.637412,-0.579927,0.003826,-0.777157,-0.317182,0.271426,0.790287,-0.340607,0.156619,-1.118218,-0.36,-0.90793,-0.745738,-0.164984,-0.068427,-0.364995,0.754437,-1.487485,-0.527866
0.052161,0.080331,0.365413,0.130242,0.000591,-0.720693,0.68091,-0.329791,0.112107,0.4605,0.968179,-0.503327,-0.006806,-0.739992,-0.353266,0.199562,0.769342,-0.367698,0.106779,-1.114067,-0.36,-0.91891,-0.885834,0.012164,-0.216719,-0.307965,0.914616,-1.375378,-0.41746
0.049433,0.076036,0.368609,0.13687,0.018315,-0.695734,0.704901,-0.592305,0.205965,0.378039,1.23835,-0.354443,-0.01432,-0.720734,-0.362438,0.114309,0.766824,-0.394558,0.048027,-1.147627,-0.36,-0.942415,-1.036973,0.196922,-0.425008,-0.174507,1.093043,-1.29309,-0.363825
0.048334,0.078158,0.368312,0.13797,0.037142,-0.683058,0.716252,-0.73693,0.257032,0.355487,1.294829,-0.341851,-0.02825,-0.740026,-0.347045,0.073142,0.767087,-0.384367,0.023741,-1.19829,-0.36,-0.921118,-1.169975,0.387379,-0.660857,0.018837,1.231643,-1.212572,-0.402763
0.044252,0.08368,0.367495,0.134896,0.055523,-0.673979,0.724205,-0.801747,0.320272,0.420567,1.211735,-0.347718,-0.003448,-0.757214,-0.318098,0.025269,0.745942,-0.349557,0.013467,-1.280131,-0.36,-0.874941,-1.271227,0.552256,-0.919883,0.285814,1.20874,-1.068564,-0.579165
0.04479,0.082255,0.361549,0.079523,0.011217,-0.688664,0.720619,-0.620283,0.383979,0.515923,1.123326,-0.419979,-0.042705,-0.621893,-0.311329,0.025751,0.80124,-0.378529,0.093683,-1.237212,-0.36,-0.816063,-1.307441,0.621596,-0.935504,0.36,1.130499,-1.083534,-0.721045
0.048956,0.074509,0.3603,0.067762,0.006527,-0.676867,0.732951,-0.602929,0.385007,0.49567,0.979607,-0.33157,-0.098946,-0.55792,-0.345634,0.012632,0.813317,-0.394601,0.167836,-1.273594,-0.36,-0.788376,-1.381756,0.679715,-0.989703,0.36,0.988797,-1.125204,-0.856489
0.055544,0.066004,0.363177,0.070346,-0.009663,-0.659243,0.74857,-0.588616,0.321337,0.422069,0.815736,-0.176379,-0.130697,-0.492569,-0.423002,0.066413,0.795324,-0.378487,0.252846,-1.322146,-0.36,-0.727313,-1.44523,0.789369,-1.054085,0.36,0.881084,-1.098711,-0.977299
0.060987,0.058152,0.366484,0.087777,0.00679,-0.638795,0.764323,-0.661065,0.283475,0.351317,0.703238,-0.03131,-0.109921,-0.496552,-0.463122,0.114647,0.767062,-0.353377,0.296984,-1.427099,-0.36,-0.709723,-1.500178,0.824064,-1.156243,0.36,0.782841,-1.101861,-1.060462
0.068108,0.056527,0.368693,0.104133,0.022822,-0.627231,0.771503,-0.732193,0.247974,0.31268,0.628548,0.113053,-0.07531,-0.504083,-0.500618,0.147622,0.693343,-0.309132,0.323482,-1.521872,-0.36,-0.68365,-1.507847,0.797738,-1.239261,0.36,0.731134,-1.13044,-1.153376
0.074928,0.061314,0.365502,0.098849,0.014384,-0.618504,0.779406,-0.7466,0.207957,0.236319,0.613171,0.144055,-0.068873,-0.47328,-0.539454,0.144598,0.671783,-0.308798,0.330536,-1.534097,-0.36,-0.665521,-1.517424,0.791337,-1.240472,0.36,0.674244,-1.125775,-1.164801
0.084851,0.059715,0.35914,0.098075,0.011345,-0.610829,0.785583,-0.699902,0.160421,0.241974,0.614615,-0.006793,-0.03125,-0.450976,-0.584352,0.082952,0.723751,-0.394029,0.31164,-1.510601,-0.36,-0.687901,-1.516954,0.790907,-1.213191,0.36,0.643921,-1.145755,-1.16031
0.093502,0.066109,0.352512,0.083758,-0.004619,-0.6127,0.785851,-0.691989,0.137445,0.242854,0.696331,-0.133186,0.025488,-0.424672,-0.612824,0.0124,0.770629,-0.454098,0.260732,-1.440981,-0.36,-0.711658,-1.497247,0.743359,-1.096269,0.36,0.62275,-1.192484,-1.131937
0.099734,0.065341,0.347967,0.084291,-0.004464,-0.6077,0.789668,-0.74156,0.123507,0.244832,0.799236,-0.200247,0.059828,-0.439815,-0.636333,-0.008947,0.841136,-0.525095,0.215949,-1.357903,-0.36,-0.776273,-1.484833,0.686984,-0.950928,0.36,0.611973,-1.230419,-1.095352
0.105325,0.055523,0.341808,0.10664,0.005957,-0.598387,0.794057,-0.805325,0.096061,0.248577,0.894641,-0.273065,0.058061,-0.506286,-0.692386,0.014302,0.949964,-0.609117,0.230222,-1.255747,-0.276816,-0.916583,-1.525545,0.491624,-0.728607,0.258504,0.612784,-1.310743,-1.023208
0.107576,0.049136,0.340553,0.111084,-0.001184,-0.624472,0.773107,-0.777695,0.130921,0.30981,0.967365,-0.349054,0.059439,-0.540722,-0.691753,0.098389,0.951079,-0.612308,0.255702,-0.973986,0.162956,-1.012373,-1.789627,0.312115,-0.327908,0.042591,0.598469,-1.471772,-1.137827
0.10886,0.050716,0.342803,0.103095,-0.001213,-0.668501,0.73653,-0.752619,0.222442,0.382404,1.030489,-0.38257,0.04947,-0.595901,-0.622987,0.211872,0.888353,-0.546599,0.248366,-0.618818,0.682381,-0.976934,-1.90997,0.120374,0.093063,-0.171944,0.548174,-1.628495,-1.358925
0.108619,0.048889,0.342184,0.10526,0.015574,-0.708867,0.69727,-0.74062,0.318665,0.456262,1.078703,-0.435013,0.039859,-0.689468,-0.537152,0.319456,0.869856,-0.514544,0.250783,-0.389141,0.985472,-0.913044,-1.667788,-0.312048,0.318562,-0.287177,0.477658,-1.768367,-1.517701
0.106349,0.049527,0.341944,0.103422,0.030307,-0.745481,0.657757,-0.725113,0.414962,0.517012,1.120014,-0.473726,0.051789,-0.769774,-0.430245,0.408192,0.87287,-0.484342,0.225984,-0.176518,1.203289,-0.937469,-1.37579,-0.625214,0.308507,-0.352957,0.482783,-1.91,-1.431358
0.10296,0.042782,0.336278,0.08021,0.063604,-0.775054,0.623548,-0.728633,0.578997,0.508375,1.247407,-0.569192,0.036074,-0.8034,-0.279287,0.434719,0.935525,-0.529139,0.190319,0.129526,1.436082,-0.652874,-1.314296,-0.425015,0.199128,-0.241985,0.560482,-1.91,-1.53688
0.100609,0.044766,0.333961,0.083713,0.067733,-0.781418,0.614646,-0.755824,0.607725,0.504041,1.277998,-0.57546,0.046096,-0.846424,-0.24839,0.469094,0.960766,-0.529065,0.200045,0.101506,1.399684,-0.645905,-1.260725,-0.403592,0.17304,-0.196162,0.576755,-1.91,-1.532246
0.099459,0.041037,0.332364,0.079743,0.066213,-0.774157,0.62445,-0.765204,0.602366,0.47696,1.302355,-0.594358,0.055184,-0.828537,-0.261721,0.444426,1.000982,-0.570209,0.199434,0.115008,1.41979,-0.650087,-1.259345,-0.404175,0.160658,-0.164576,0.579512,-1.91,-1.480501
0.095762,0.035417,0.328991,0.074213,0.083552,-0.757125,0.643641,-0.846277,0.626378,0.373984,1.348753,-0.610819,0.024275,-0.807623,-0.254302,0.36495,1.05686,-0.635046,0.170416,0.122726,1.479866,-0.618788,-1.290544,-0.422318,0.061924,-0.139064,0.59278,-1.91,-1.425128
0.095774,0.03237,0.329975,0.072712,0.082258,-0.724391,0.680592,-0.895307,0.551816,0.288429,1.323645,-0.587302,0.026826,-0.73529,-0.316593,0.270449,1.066572,-0.68812,0.135213,0.09351,1.477179,-0.592046,-1.366346,-0.467619,0.037925,-0.131056,0.574918,-1.91,-1.355483
0.093015,0.028098,0.330501,0.071484,0.08035,-0.667058,0.737202,-0.955111,0.44608,0.175169,1.274706,-0.529807,-0.008749,-0.60608,-0.401767,0.100034,1.069955,-0.753975,0.124328,-0.052302,1.327077,-0.554427,-1.457951,-0.4673,0.025431,-0.108213,0.537212,-1.91,-1.336631
0.095961,0.026308,0.333047,0.107404,0.038452,-0.542767,0.8321,-0.952025,0.105649,0.091458,1.095014,-0.380351,0.017674,-0.308529,-0.657705,-0.232562,1.036228,-0.829297,0.174362,-0.820454,0.43036,-1.095661,-0.970722,-0.348773,0.007745,-0.215074,0.366895,-1.91,-1.306412
0.092644,0.030538,0.330244,0.0935,0.052366,-0.44106,0.891056,-1.058554,-0.045816,-0.089618,1.050811,-0.258605,0.00238,-0.102687,-0.632195,-0.535052,1.024293,-0.860484,0.17405,-0.869563,0.141755,-0.939895,-0.983152,-0.082173,-0.176919,-0.250915,0.3036,-1.91,-1.243203
0.089656,0.030148,0.328112,0.062115,0.057978,-0.385428,0.918817,-1.093814,-0.102858,-0.225587,1.063321,-0.22211,-0.022761,0.039604,-0.521537,-0.70739,0.978346,-0.874229,0.154076,-0.629719,0.136116,-0.730603,-1.269642,0.239127,-0.425057,-0.257269,0.321022,-1.91,-1.166447
0.088217,0.027326,0.32876,0.010025,0.066227,-0.38242,0.921558,-1.093776,-0.037332,-0.334541,1.123294,-0.262578,-0.064879,0.093551,-0.351649,-0.71768,0.893252,-0.849264,0.093759,-0.283161,0.259396,-0.520018,-1.567773,0.562722,-0.962475,-0.041421,0.266207,-1.114716,-0.715058
0.0874,0.025471,0.328377,-0.017168,0.072263,-0.369103,0.926416,-1.103629,-0.025205,-0.41191,1.150822,-0.279305,-0.082754,0.134287,-0.265466,-0.720427,0.833693,-0.815044,0.106159,-0.03167,0.275561,-0.373759,-1.712262,0.624806,-1.277618,-0.064592,0.799751,-0.60177,0.332772
0.083973,0.021242,0.323015,-0.051209,0.083516,-0.297748,0.949605,-1.154115,-0.110798,-0.592931,1.179154,-0.249936,-0.160729,0.231776,-0.112508,-0.793487,0.754698,-0.817863,0.101899,0.042795,0.365233,-0.362062,-1.744528,0.580515,-1.198322,-0.238139,0.854881,-0.658767,0.041886
0.082927,0.016189,0.320915,-0.054193,0.090087,-0.255317,0.961125,-1.168669,-0.169121,-0.662202,1.168705,-0.234545,-0.191042,0.270904,-0.055738,-0.810159,0.714735,-0.81785,0.105409,0.078082,0.386395,-0.356804,-1.794104,0.523486,-1.151294,-0.355003,0.833386,-0.683351,0.080966
0.081558,0.013551,0.320525,-0.057288,0.095449,-0.251191,0.961515,-1.176651,-0.157863,-0.683688,1.162661,-0.237764,-0.212093,0.270646,-0.025158,-0.794692,0.689877,-0.823116,0.093239,0.143872,0.352634,-0.287829,-1.818786,0.519528,-1.123865,-0.378289,0.820238,-0.697914,0.120734
0.080673,0.015464,0.318522,-0.063328,0.103364,-0.248859,0.960924,-1.199629,-0.159758,-0.708459,1.165682,-0.235301,-0.222202,0.26502,0.007751,-0.82141,0.666608,-0.840188,0.076427,0.172363,0.35379,-0.269758,-1.840322,0.455023,-1.103798,-0.401245,0.845506,-0.700188,0.123303
0.080529,0.017121,0.316448,-0.062341,0.112439,-0.250236,0.959611,-1.229843,-0.168533,-0.717126,1.176132,-0.232699,-0.224576,0.254042,0.024083,-0.848098,0.645288,-0.863599,0.058872,0.173107,0.370286,-0.265137,-1.861494,0.390007,-1.109604,-0.413492,0.86114,-0.699563,0.134634
0.080687,0.016863,0.315871,-0.058883,0.118244,-0.25655,0.957462,-1.25057,-0.166495,-0.711206,1.191439,-0.235592,-0.221574,0.233994,0.006408,-0.823652,0.657818,-0.867471,0.068965,0.166484,0.372784,-0.282214,-1.859665,0.341186,-1.120883,-0.40729,0.851727,-0.675482,0.130661
0.080188,0.016378,0.315052,-0.055715,0.120896,-0.261139,0.956079,-1.265644,-0.167543,-0.705348,1.20741,-0.241755,-0.213597,0.215435,-0.016787,-0.799158,0.682745,-0.872439,0.090913,0.157724,0.386271,-0.29037,-1.848702,0.327313,-1.124869,-0.409817,0.877067,-0.663763,0.138871
0.080839,0.017134,0.313738,-0.049131,0.116142,-0.267002,0.955409,-1.270523,-0.175419,-0.678209,1.231442,-0.25112,-0.200025,0.22194,-0.048013,-0.801591,0.695843,-0.886611,0.11173,0.161737,0.431427,-0.29658,-1.828501,0.295074,-1.1046,-0.426301,0.907803,-0.694816,0.163866
0.083069,0.016993,0.313176,-0.040159,0.1126,-0.280036,0.952517,-1.275173,-0.171294,-0.632366,1.264684,-0.275529,-0.173991,0.223622,-0.089106,-0.784886,0.702331,-0.888472,0.138311,0.180627,0.494314,-0.280185,-1.826052,0.270704,-1.058605,-0.466174,0.933586,-0.819999,0.207998
0.087316,0.016538,0.314263,-0.026443,0.108728,-0.300651,0.947147,-1.269397,-0.154724,-0.56167,1.293816,-0.308928,-0.133786,0.218365,-0.149582,-0.755042,0.706009,-0.873312,0.173793,0.215812,0.596483,-0.261084,-1.837557,0.275897,-0.990719,-0.533111,0.943324,-1.019013,0.276523
0.09445,0.03996,0.319448,0.009341,0.075775,-0.311796,0.947077,-1.215903,-0.231047,-0.379443,1.202339,-0.21339,-0.014782,0.178695,-0.387202,-0.759216,0.817012,-0.805969,0.246178,0.310736,0.740861,-0.305513,-1.898748,0.261759,-0.67469,-0.8224,0.796432,-1.441571,0.307743
0.102903,0.044341,0.323853,0.021468,0.0701,-0.356199,0.93153,-1.178344,-0.180839,-0.280226,1.196956,-0.246494,0.04341,0.104631,-0.487713,-0.687588,0.866844,-0.746217,0.26529,0.331857,0.901406,-0.301399,-1.861535,0.178886,-0.515816,-0.889628,0.682468,-1.715467,0.283155
0.116811,0.045819,0.330907,0.041645,0.072284,-0.420579,0.903412,-1.121295,-0.105966,-0.143159,1.179705,-0.313158,0.11335,-0.025899,-0.593283,-0.588771,0.90671,-0.635191,0.284502,0.316977,1.047424,-0.289016,-1.816798,0.094405,-0.455201,-0.859788,0.669792,-1.883731,0.250675
0.13513,0.048748,0.33903,0.055001,0.073004,-0.485729,0.869317,-1.039912,-0.046744,0.008198,1.144952,-0.373521,0.194195,-0.195676,-0.684908,-0.507814,0.973513,-0.489881,0.256864,0.276312,1.188097,-0.310363,-1.763972,0.026718,-0.420897,-0.768605,0.701084,-1.91,0.202264
0.154642,0.048557,0.346639,0.066162,0.069225,-0.548265,0.830804,-0.932953,-0.009612,0.15728,1.0943,-0.440111,0.257712,-0.369365,-0.76518,-0.513614,1.062256,-0.349631,0.164327,0.249483,1.329707,-0.306137,-1.735079,-0.036934,-0.363335,-0.689871,0.724629,-1.91,0.150928
0.172246,0.045914,0.352935,0.076325,0.07105,-0.612257,0.783753,-0.827554,0.024786,0.305128,1.024137,-0.49976,0.287687,-0.556523,-0.795091,-0.535745,1.116324,-0.238112,0.039631,0.203866,1.462459,-0.291287,-1.708802,-0.12069,-0.288669,-0.631971,0.727891,-1.91,0.097434
0.180289,0.044638,0.357082,0.073544,0.06737,-0.6726,0.733254,-0.725141,0.080813,0.4266,0.971353,-0.540497,0.276458,-0.700437,-0.726819,-0.516741,1.13574,-0.188176,-0.021924,0.174918,1.598384,-0.268561,-1.697139,-0.205531,-0.192228,-0.580072,0.718869,-1.91,0.024992
0.180725,0.040761,0.359161,0.080272,0.072033,-0.720929,0.684565,-0.648595,0.130326,0.523801,0.912663,-0.561496,0.238308,-0.825565,-0.591443,-0.425637,1.11733,-0.166832,0.026732,0.096284,1.713097,-0.242299,-1.721219,-0.347292,-0.13161,-0.543484,0.682977,-1.91,-0.047723
0.182765,0.041216,0.360694,0.078906,0.075701,-0.770528,0.627957,-0.585395,0.195753,0.629992,0.893708,-0.578189,0.202937,-0.897787,-0.424568,-0.346946,1.023253,-0.105648,0.080328,0.016754,1.789121,-0.215522,-1.753804,-0.527367,-0.065359,-0.498348,0.665623,-1.91,-0.154022
0.188845,0.037707,0.361417,0.073132,0.069489,-0.815282,0.570208,-0.492578,0.227506,0.73966,0.888179,-0.608764,0.176474,-0.931371,-0.309585,-0.30156,0.962123,-0.066266,0.075913,-0.030942,1.811609,-0.169089,-1.787642,-0.592236,-0.011897,-0.49744,0.654259,-1.91,-0.187237
0.194034,0.033941,0.364622,0.070695,0.062611,-0.852262,0.514521,-0.402653,0.239436,0.796816,0.852813,-0.601353,0.130043,-0.932233,-0.205102,-0.237924,0.846653,0.01941,0.07889,-0.088771,1.777531,-0.091491,-1.850418,-0.633163,0.019195,-0.497714,0.643956,-1.91,-0.242638
0.19767,0.035663,0.368281,0.068652,0.051995,-0.885228,0.457115,-0.333968,0.258131,0.801837,0.808937,-0.543245,0.066633,-0.938103,-0.104295,-0.12163,0.711393,0.175679,0.090093,-0.161707,1.693381,-0.01206,-1.91,-0.65107,0.040213,-0.515788,0.629832,-1.91,-0.27634
0.201662,0.029091,0.371314,0.06801,0.042522,-0.906936,0.413562,-0.256416,0.241726,0.750431,0.751002,-0.513275,-0.001247,-0.918065,-0.053714,-0.007595,0.595227,0.336201,0.096338,-0.300262,1.522943,-0.002839,-1.91,-0.620942,0.045122,-0.516579,0.597441,-1.91,-0.294029
0.203071,0.024923,0.373784,0.072599,0.024027,-0.916132,0.393516,-0.197034,0.190261,0.641196,0.652921,-0.458315,-0.050818,-0.868396,-0.058617,0.124526,0.500272,0.389337,0.128275,-0.668528,1.158389,-0.257096,-1.91,-0.58824,0.065084,-0.514464,0.531397,-1.91,-0.327771
0.210508,0.00387,0.370575,0.079132,-0.010226,-0.909672,0.407592,-0.077354,0.019887,0.482833,0.483122,-0.465285,-0.055068,-0.783978,-0.215648,0.221699,0.489381,0.236782,0.255304,-1.103867,0.46789,-0.390278,-1.596592,-0.229511,0.113208,-0.511625,0.399288,-1.91,-0.429323
0.215136,-0.000608,0.365426,0.073993,-0.016392,-0.906021,0.416392,-0.014516,-0.016241,0.407538,0.392647,-0.482235,-0.072973,-0.684142,-0.274623,0.172225,0.393127,0.157451,0.269372,-1.415714,-0.128313,0.024408,-1.138083,0.27098,0.163709,-0.397371,0.291068,-1.91,-0.675043
0.217326,-0.002436,0.359623,0.07722,-0.026671,-0.915385,0.394203,0.05614,-0.082718,0.45562,0.294906,-0.509006,-0.058879,-0.682703,-0.277666,0.189255,0.380146,0.087015,0.245236,-1.447731,-0.225965,0.194085,-1.109399,0.114454,0.175862,-0.308658,0.31118,-1.91,-0.911306
0.21988,-0.003227,0.355743,0.086069,-0.037884,-0.929046,0.357812,0.069469,-0.154801,0.52017,0.276049,-0.554404,0.018164,-0.728846,-0.255823,0.259118,0.382899,0.06165,0.206199,-1.429501,-0.109863,0.009075,-1.1242,-0.007035,0.136181,-0.332393,0.365628,-1.91,-0.934155
0.222524,-0.006372,0.353549,0.092903,-0.045002,-0.936147,0.336115,0.044703,-0.189323,0.556624,0.32788,-0.59568,0.061684,-0.797917,-0.247626,0.339683,0.436014,0.063659,0.233611,-1.421426,-0.087382,-0.016433,-1.152895,0.033587,0.134011,-0.341145,0.381466,-1.91,-0.953815
0.22501,-0.007428,0.353127,0.096651,-0.053874,-0.935904,0.334425,0.020552,-0.204192,0.557753,0.368912,-0.598708,0.055617,-0.826878,-0.266587,0.360285,0.460001,0.078592,0.262396,-1.431159,-0.095857,-0.025946,-1.151045,0.068302,0.170238,-0.325386,0.365477,-1.91,-1.072
0.227822,-0.00855,0.352118,0.092142,-0.060041,-0.937637,0.32976,0.044247,-0.233864,0.564193,0.343611,-0.605521,0.067982,-0.826607,-0.272921,0.369121,0.468585,0.068404,0.251124,-1.442138,-0.078631,-0.023832,-1.150546,0.064882,0.189293,-0.332357,0.370745,-1.91,-1.060864
0.228308,-0.009328,0.351076,0.091295,-0.065465,-0.940792,0.319829,0.065973,-0.255888,0.574955,0.318013,-0.603288,0.066923,-0.846292,-0.262626,0.406215,0.493563,0.062744,0.254173,-1.447954,-0.038768,-0.036654,-1.163398,0.064525,0.183899,-0.330567,0.375172,-1.91,-1.043689
0.22878,-0.010667,0.351261,0.088246,-0.069076,-0.940793,0.319922,0.080883,-0.265014,0.565696,0.308,-0.59157,0.065969,-0.853839,-0.263657,0.410171,0.528174,0.043122,0.24175,-1.452395,-0.026665,-0.050368,-1.172101,0.067769,0.175418,-0.331839,0.369393,-1.91,-1.028066
0.229583,-0.011592,0.35077,0.088742,-0.072665,-0.937961,0.327221,0.0914,-0.278922,0.545385,0.286377,-0.583416,0.063717,-0.873284,-0.276094,0.38558,0.582831,0.018206,0.239661,-1.48079,-0.043626,-0.042422,-1.14988,0.052986,0.171142,-0.329618,0.349016,-1.91,-1.02707
0.229835,-0.012537,0.349871,0.087331,-0.075315,-0.937865,0.327278,0.112406,-0.290232,0.541265,0.259119,-0.572143,0.048199,-0.897346,-0.270533,0.365561,0.644137,-0.005005,0.224645,-1.49774,-0.048003,-0.043356,-1.145302,0.048889,0.17734,-0.31884,0.344429,-1.91,-1.018779
0.227906,-0.014042,0.349547,0.088655,-0.077949,-0.937087,0.32853,0.134354,-0.302109,0.527427,0.227094,-0.558825,0.051529,-0.918181,-0.271956,0.331032,0.708006,-0.036986,0.211918,-1.519595,-0.047729,-0.036906,-1.131113,0.033815,0.171239,-0.320681,0.340234,-1.91,-1.007515
0.226037,-0.015005,0.348677,0.086075,-0.080457,-0.935374,0.333456,0.164653,-0.307647,0.51367,0.196236,-0.551807,0.037888,-0.931947,-0.275836,0.300749,0.774155,-0.074856,0.19689,-1.547847,-0.058762,-0.035196,-1.111329,0.012196,0.171132,-0.323662,0.320486,-1.91,-1.012699
0.222556,-0.016168,0.348524,0.082034,-0.083048,-0.934665,0.33582,0.191768,-0.305692,0.512546,0.186314,-0.538256,0.023904,-0.935316,-0.277133,0.262449,0.837796,-0.118878,0.170903,-1.560015,-0.059562,-0.035124,-1.106947,0.006812,0.167805,-0.334763,0.316156,-1.91,-1.015016
0.218128,-0.017289,0.348376,0.078186,-0.086374,-0.933873,0.338093,0.217205,-0.306212,0.511449,0.183137,-0.543421,0.034451,-0.924241,-0.284759,0.200008,0.88854,-0.168651,0.142985,-1.570559,-0.064099,-0.027537,-1.110334,0.011759,0.173035,-0.341734,0.309322,-1.91,-1.015435
0.213429,-0.019104,0.348508,0.074501,-0.089767,-0.934177,0.3372,0.233168,-0.297008,0.514035,0.20592,-0.544393,0.023116,-0.90311,-0.291442,0.142862,0.922841,-0.21939,0.116958,-1.574462,-0.065749,-0.012183,-1.12115,0.013124,0.174764,-0.351552,0.314356,-1.91,-1.013714
0.206623,-0.021793,0.350675,0.069051,-0.094514,-0.935314,0.333895,0.22786,-0.27154,0.516665,0.289794,-0.556727,0.033071,-0.863222,-0.293248,0.111576,0.939364,-0.265593,0.097817,-1.554818,-0.05417,-0.008518,-1.142794,0.000558,0.173349,-0.37699,0.322956,-1.91,-0.984259
0.197677,-0.024945,0.3556,0.060439,-0.10278,-0.937949,0.325631,0.187783,-0.222849,0.532667,0.46675,-0.564195,0.0433,-0.785234,-0.28751,0.101189,0.912515,-0.31161,0.072293,-1.501763,-0.021855,0.001173,-1.173192,-0.015713,0.180121,-0.407039,0.343232,-1.91,-0.976801
0.183261,-0.031586,0.366465,0.046947,-0.115606,-0.94107,0.314355,0.022035,-0.097232,0.570203,0.903792,-0.478213,0.092433,-0.629293,-0.289324,0.090698,0.810123,-0.35341,0.036336,-1.399037,0.021022,0.017951,-1.222393,-0.011602,0.203924,-0.43088,0.366008,-1.91,-1.008765
0.16179,-0.036988,0.371521,0.026792,-0.111314,-0.946225,0.302571,-0.327322,0.186963,0.522627,1.486983,-0.091554,0.150734,-0.487164,-0.232641,0.066011,0.768793,-0.412423,-0.039855,-1.273584,0.074365,0.023775,-1.273465,0.067364,0.22677,-0.430513,0.443507,-1.91,-1.026906
0.165454,-0.047015,0.367496,0.037396,-0.084052,-0.94601,0.31081,-0.833601,0.120985,0.218944,1.85747,0.035341,-0.076473,-0.504867,-0.222324,0.047036,0.750202,-0.409495,-0.017779,-1.250529,0.092021,-0.029783,-1.315454,0.062686,0.178079,-0.415381,0.542634,-1.91,-1.026883
0.144459,-0.040595,0.369868,0.033172,-0.091604,-0.939445,0.328559,-1.09642,0.241347,0.199473,2.103602,0.034474,-0.070473,-0.420591,-0.197833,-0.018569,0.743154,-0.461418,-0.064239,-1.217972,0.041533,0.002448,-1.315203,0.073173,0.20385,-0.467638,0.626578,-1.91,-1.008668
0.145986,-0.04235,0.368649,0.043906,-0.09202,-0.931914,0.348053,-1.454788,0.196303,0.185528,2.22036,0.049971,-0.138904,-0.439984,-0.239492,-0.049818,0.759139,-0.466784,-0.019272,-1.207709,-0.01947,0.025739,-1.34338,0.076543,0.188456,-0.518718,0.70041,-1.91,-0.949351
0.157388,-0.049387,0.366585,0.041906,-0.099952,-0.927252,0.358409,-1.716839,0.134192,0.25862,2.16053,0.062471,-0.160065,-0.432017,-0.327357,-0.056994,0.741918,-0.421944,0.117805,-1.176233,-0.061506,0.049919,-1.36872,0.086154,0.222056,-0.571373,0.721039,-1.91,-0.963263
0.164051,-0.054018,0.359382,0.060007,-0.079277,-0.927658,0.359951,-2.01288,0.092245,0.222844,1.985138,0.072204,-0.153841,-0.498514,-0.348221,-0.070309,0.748897,-0.381572,0.246353,-1.191672,-0.067386,0.039853,-1.415873,0.119784,0.176228,-0.564225,0.724914,-1.91,-0.976796
0.165344,-0.06078,0.352028,0.024447,-0.075758,-0.92984,0.35925,-2.095694,0.024898,0.120902,1.675386,0.124084,-0.178972,-0.423363,-0.358565,-0.130224,0.799522,-0.399741,0.328995,-1.094494,-0.080559,0.01992,-1.454953,0.122911,0.22358,-0.550085,0.700497,-1.91,-1.006224
0.163551,-0.065795,0.352138,0.035363,-0.074452,-0.938443,0.335458,-2.079389,0.034017,-0.028861,1.158836,0.241418,-0.230697,-0.439828,-0.359787,-0.140987,0.789787,-0.390302,0.345686,-1.064224,-0.034937,0.058205,-1.515136,0.188793,0.18976,-0.556831,0.68703,-1.91,-0.989275
0.159501,-0.067022,0.352255,0.034568,-0.069423,-0.944801,0.318335,-1.936985,0.091371,-0.198215,0.558317,0.202588,-0.212429,-0.40565,-0.332594,-0.153245,0.736577,-0.376705,0.373349,-1.0367,-0.013226,0.055553,-1.543601,0.155278,0.16984,-0.541911,0.68056,-1.91,-0.9445
0.15623,-0.073645,0.348757,0.019146,-0.070462,-0.951987,0.297304,-1.848933,0.15846,-0.231245,0.287577,0.127722,-0.22074,-0.360639,-0.343025,-0.21297,0.775924,-0.408423,0.411496,-1.001265,0.003246,0.093436,-1.541245,0.165191,0.205941,-0.518911,0.669583,-1.91,-0.969161
0.158164,-0.074023,0.349653,0.018432,-0.080333,-0.959909,0.267919,-1.787156,0.212053,-0.096423,0.333846,0.147898,-0.211953,-0.370299,-0.369834,-0.29611,0.818083,-0.423742,0.368561,-0.996502,0.051935,0.127484,-1.553478,0.160291,0.223862,-0.502485,0.668108,-1.91,-1.010319
0.161385,-0.069541,0.355926,0.043408,-0.091394,-0.965931,0.238203,-1.843924,0.251376,-0.04459,0.642272,0.235179,-0.213622,-0.482589,-0.359855,-0.213823,0.821431,-0.400004,0.267862,-1.058436,0.067984,0.213313,-1.553267,0.308278,0.184738,-0.514074,0.639035,-1.91,-0.995056
0.163657,-0.080258,0.363359,0.032694,-0.113565,-0.968528,0.21906,-1.848901,0.157843,-0.164113,0.99584,0.326736,-0.333108,-0.458337,-0.414076,-0.15467,0.801016,-0.373592,0.270731,-1.051675,0.115092,0.216966,-1.540389,0.31911,0.208861,-0.509358,0.595775,-1.91,-1.028165
0.161379,-0.094297,0.367811,0.020414,-0.126279,-0.971487,0.199625,-1.773405,0.079879,-0.137219,1.246411,0.344125,-0.375112,-0.404458,-0.454371,-0.125168,0.765406,-0.372155,0.282607,-1.024114,0.177266,0.226098,-1.538967,0.290822,0.220543,-0.497175,0.580572,-1.91,-1.063662
0.157404,-0.101621,0.369333,0.017963,-0.133346,-0.974757,0.178173,-1.632425,0.060967,-0.077835,1.343044,0.326483,-0.372444,-0.395607,-0.46408,-0.107776,0.769011,-0.404284,0.251342,-1.016792,0.244762,0.229427,-1.541843,0.23849,0.220262,-0.47758,0.589758,-1.91,-1.041573
0.150167,-0.100787,0.370722,0.023947,-0.133203,-0.978444,0.155982,-1.458885,0.07108,-0.054257,1.335124,0.307716,-0.342845,-0.391749,-0.434372,-0.075339,0.744268,-0.429055,0.210559,-1.025151,0.302364,0.238652,-1.545866,0.197874,0.196115,-0.460957,0.625338,-1.91,-0.964824
0.142444,-0.09458,0.370981,0.02234,-0.13372,-0.981336,0.136381,-1.254871,0.091164,-0.041154,1.260951,0.29096,-0.293778,-0.385728,-0.394211,-0.04522,0.752183,-0.456954,0.177868,-1.007877,0.34582,0.263734,-1.548643,0.188072,0.211981,-0.437443,0.637933,-1.91,-0.978373
0.13656,-0.089477,0.370449,0.018467,-0.13356,-0.98385,0.117727,-1.06,0.112875,-0.01331,1.151957,0.289935,-0.236669,-0.379756,-0.35683,-0.01043,0.765735,-0.489235,0.143251,-0.971269,0.393326,0.276671,-1.551665,0.193602,0.208562,-0.426488,0.647479,-1.91,-1.002503
0.131974,-0.079106,0.36945,0.017359,-0.128697,-0.986293,0.101793,-0.862341,0.198401,0.157394,1.03698,0.221568,-0.090037,-0.393926,-0.29468,0.00902,0.797177,-0.506458,0.09187,-0.952383,0.455495,0.263756,-1.556308,0.136262,0.197152,-0.39505,0.652318,-1.91,-0.97541
0.131044,-0.078006,0.368576,0.019364,-0.128603,-0.986876,0.095717,-0.654288,0.1811,0.349056,0.887402,0.067636,0.04511,-0.414272,-0.287143,0.027672,0.822414,-0.515924,0.095929,-0.94802,0.484313,0.252143,-1.556896,0.128871,0.179328,-0.369554,0.629932,-1.91,-0.969311
0.132366,-0.083103,0.364441,0.017104,-0.12708,-0.987117,0.0957,-0.472633,0.103254,0.422442,0.708588,-0.048869,0.030886,-0.447184,-0.299935,0.045008,0.891193,-0.547997,0.108303,-0.942441,0.504563,0.218059,-1.543645,0.103332,0.161667,-0.354418,0.635455,-1.91,-0.978592
0.137214,-0.083693,0.358226,0.017785,-0.107982,-0.988957,0.09994,-0.381027,0.088488,0.4934,0.592593,-0.18715,0.02343,-0.487101,-0.260914,0.029765,0.937555,-0.553769,0.089102,-0.930023,0.557279,0.157545,-1.553374,0.078513,0.122079,-0.315913,0.635818,-1.91,-0.972683
0.139233,-0.084118,0.355927,0.026939,-0.096549,-0.987325,0.12305,-0.381638,0.066886,0.467975,0.502374,-0.189507,0.019244,-0.503023,-0.251644,-0.02213,0.955784,-0.582651,0.035677,-0.942876,0.572558,0.08207,-1.53418,0.055523,0.063755,-0.281459,0.625491,-1.91,-1.017124
0.136446,-0.084517,0.355977,0.030759,-0.08524,-0.978197,0.186868,-0.468032,0.058001,0.34216,0.542429,-0.158885,0.003361,-0.427995,-0.273142,-0.154733,0.927337,-0.628181,-0.007388,-1.029671,0.457859,-0.08732,-1.462229,0.030096,0.035167,-0.222752,0.536431,-1.91,-1.113031
0.130907,-0.08752,0.355991,0.033466,-0.076294,-0.952868,0.291722,-0.550936,-0.012075,0.138802,0.541119,-0.083174,-0.036956,-0.289087,-0.319053,-0.37339,0.887351,-0.680486,-0.014488,-1.216508,0.191507,-0.309856,-1.214677,0.027036,-0.00058,-0.143362,0.387572,-1.91,-1.207483
0.128999,-0.09277,0.355822,0.031521,-0.061995,-0.917518,0.391567,-0.577963,-0.096973,-0.063371,0.484038,-0.012772,-0.06175,-0.133569,-0.3226,-0.615985,0.82145,-0.703913,0.006342,-1.271074,-0.045893,-0.46508,-1.018518,0.121062,-0.140238,-0.070385,0.309783,-1.91,-1.292739
0.12983,-0.09689,0.356925,0.028055,-0.037031,-0.891014,0.451592,-0.593325,-0.127068,-0.18654,0.439337,0.042523,-0.070772,-0.040384,-0.267331,-0.763233,0.733723,-0.666266,0.05604,-1.093644,-0.087189,-0.611581,-1.069741,0.225627,-0.45789,-0.128438,0.317726,-1.91,-1.298219
0.121861,-0.101522,0.360983,0.012881,0.007964,-0.89515,0.445507,-0.595927,-0.015633,-0.226851,0.483286,-0.001996,-0.120361,0.028128,-0.090491,-0.734295,0.549177,-0.592158,0.06014,-0.667111,0.148363,-0.622049,-1.358459,0.264299,-0.872455,-0.087773,0.411273,-1.91,-1.224843
0.122241,-0.102462,0.36101,-0.000141,0.036819,-0.897017,0.44046,-0.622475,0.048492,-0.257216,0.538697,-0.039371,-0.14568,0.045752,-0.002675,-0.669439,0.462095,-0.547866,0.044936,-0.327256,0.282722,-0.550665,-1.465299,0.458036,-1.328201,-0.066356,0.371086,-1.365193,-0.893456
0.12336,-0.101427,0.357984,-0.025714,0.059422,-0.877981,0.474296,-0.656065,0.053012,-0.337214,0.611436,-0.072858,-0.150186,0.11188,0.082171,-0.647964,0.38445,-0.525632,0.059894,-0.163543,0.377256,-0.648332,-1.442486,0.435849,-1.461756,-0.459574,0.778377,-1.119382,0.4285
0.111884,-0.09701,0.355235,-0.031899,0.087704,-0.845685,0.525459,-0.728642,0.057487,-0.464558,0.665597,-0.091694,-0.205568,0.130343,0.18012,-0.533107,0.307407,-0.503702,0.043118,-0.136781,0.491509,-0.703348,-1.500005,0.409488,-1.385951,-0.605709,0.665209,-1.133383,0.070226
0.100571,-0.09486,0.354751,-0.036013,0.088501,-0.824621,0.557557,-0.71698,0.053146,-0.538676,0.648828,-0.119383,-0.213346,0.111479,0.167493,-0.366801,0.330998,-0.488842,0.066274,-0.110692,0.503273,-0.700754,-1.572829,0.399987,-1.323054,-0.704652,0.60717,-1.203671,0.226544
0.092268,-0.094104,0.354253,-0.038794,0.092988,-0.8147,0.571063,-0.702707,0.078056,-0.583652,0.620183,-0.150075,-0.220781,0.064626,0.149919,-0.201594,0.377244,-0.484221,0.094255,-0.08994,0.520908,-0.711877,-1.613398,0.395385,-1.219951,-0.808943,0.593151,-1.267557,0.248008
0.084807,-0.096426,0.35463,-0.035893,0.093852,-0.802261,0.588456,-0.702194,0.071791,-0.631884,0.611695,-0.160296,-0.231378,0.013486,0.127009,-0.05841,0.444556,-0.484057,0.137805,-0.107248,0.514732,-0.737118,-1.644456,0.384958,-1.10038,-0.914936,0.517622,-1.353042,0.241157
0.078699,-0.09843,0.353905,-0.03521,0.082626,-0.788487,0.608459,-0.689089,0.036165,-0.67572,0.617064,-0.171022,-0.228537,-0.041011,0.099129,0.079645,0.550727,-0.503664,0.198333,-0.116853,0.478409,-0.757859,-1.657503,0.389127,-0.991396,-0.995053,0.431078,-1.421594,0.209989
0.074451,-0.099406,0.351543,-0.030529,0.07297,-0.774348,0.627796,-0.69312,-0.007454,-0.718156,0.624611,-0.174038,-0.232977,-0.097562,0.085789,0.178956,0.631948,-0.535415,0.233271,-0.114467,0.43248,-0.747864,-1.66744,0.427902,-0.895317,-1.085211,0.340426,-1.477326,0.195172
0.071416,-0.098834,0.349427,-0.0239,0.06785,-0.757197,0.649213,-0.709205,-0.045674,-0.77152,0.613871,-0.153439,-0.260575,-0.154971,0.085748,0.189972,0.713937,-0.554463,0.224516,-0.107612,0.402287,-0.733958,-1.681887,0.450694,-0.798395,-1.175791,0.247768,-1.526236,0.17169
0.070045,-0.098157,0.349034,-0.014432,0.066691,-0.737814,0.671547,-0.717718,-0.063319,-0.835553,0.541108,-0.100139,-0.303895,-0.211066,0.084055,0.142166,0.81425,-0.554908,0.193165,-0.100791,0.389626,-0.732827,-1.684632,0.452514,-0.718426,-1.243467,0.143314,-1.566195,0.144802
0.073656,-0.089819,0.344761,0.01177,0.053668,-0.712975,0.699033,-0.72252,-0.083624,-0.842808,0.342574,0.038612,-0.382432,-0.262455,0.006158,0.020785,0.885945,-0.62418,0.169616,-0.087178,0.360984,-0.72459,-1.699061,0.462157,-0.570595,-1.368436,-0.029616,-1.634692,0.067437
0.07335,-0.074308,0.340566,0.02345,0.057308,-0.689564,0.721573,-0.737369,-0.053796,-0.709645,0.230522,0.119293,-0.401339,-0.276818,-0.018382,-0.127725,0.862154,-0.673557,0.143463,-0.072017,0.387393,-0.717227,-1.698682,0.448402,-0.524491,-1.425812,-0.10561,-1.648604,0.057801
0.069168,-0.051703,0.340776,0.044348,0.065448,-0.666715,0.741108,-0.751156,-0.049899,-0.471933,0.234493,0.07146,-0.26192,-0.361959,-0.034913,-0.199832,0.839072,-0.678109,0.088447,-0.055046,0.396206,-0.700342,-1.714625,0.467492,-0.493463,-1.488043,-0.174485,-1.651409,0.05337
0.061021,-0.030806,0.345386,0.062046,0.073349,-0.648556,0.75508,-0.79242,-0.051059,-0.316837,0.35514,-0.021637,-0.132364,-0.487779,-0.045358,-0.234811,0.868459,-0.62328,0.03506,-0.026415,0.407087,-0.672174,-1.732974,0.488612,-0.472141,-1.520419,-0.236645,-1.668555,0.031009
0.051128,-0.023177,0.352688,0.079339,0.080396,-0.627736,0.770188,-0.837503,-0.039286,-0.18704,0.573909,-0.135928,-0.041262,-0.531198,-0.050141,-0.273185,0.837465,-0.57722,0.00464,-0.013025,0.392996,-0.664053,-1.727928,0.543687,-0.442372,-1.562146,-0.287454,-1.683186,0.001033
0.04441,-0.01559,0.360206,0.094982,0.081058,-0.606941,0.784876,-0.855267,-0.018312,-0.098211,0.743951,-0.194467,0.002789,-0.539166,-0.064312,-0.313972,0.764045,-0.532771,-0.031927,-0.006409,0.369837,-0.668604,-1.714099,0.55,-0.423111,-1.58592,-0.309741,-1.694612,0.004227
0.039564,-0.011936,0.365749,0.107023,0.076436,-0.588241,0.79792,-0.834107,0.015915,-0.036892,0.879588,-0.23615,0.011142,-0.521248,-0.082905,-0.35157,0.703814,-0.515707,-0.054133,-0.00372,0.331219,-0.66614,-1.690811,0.544953,-0.419077,-1.602894,-0.299904,-1.709698,0.035426
0.034738,-0.008201,0.36856,0.115823,0.075824,-0.570488,0.809555,-0.803832,0.068837,0.014697,0.981188,-0.278926,0.013515,-0.506182,-0.089818,-0.386727,0.639276,-0.501761,-0.06716,-0.008145,0.31014,-0.66443,-1.674263,0.554233,-0.411431,-1.614452,-0.286291,-1.717576,0.047131
0.029415,-0.00663,0.37062,0.119362,0.077855,-0.555059,0.819513,-0.756656,0.139272,0.047951,1.041024,-0.305531,0.003619,-0.498309,-0.085615,-0.412425,0.601058,-0.48738,-0.076594,-0.010532,0.304886,-0.663589,-1.666875,0.565999,-0.409556,-1.62232,-0.27217,-1.720674,0.0678
0.022902,0.000199,0.372736,0.115367,0.077579,-0.533557,0.834259,-0.711165,0.204965,0.063096,1.050048,-0.310394,-0.013945,-0.505993,-0.086167,-0.454996,0.592422,-0.467665,-0.087639,0.000277,0.324083,-0.670595,-1.660802,0.564903,-0.396944,-1.621453,-0.253068,-1.713879,0.07083
0.006373,0.003134,0.37781,0.118578,0.078395,-0.51199,0.847148,-0.625945,0.282682,0.093483,0.908103,-0.203845,-0.051633,-0.514689,-0.052441,-0.497877,0.54503,-0.443326,-0.146005,0.062351,0.379458,-0.639465,-1.731176,0.580417,-0.399813,-1.62732,-0.224393,-1.705757,0.085286
-0.003147,0.002086,0.378471,0.117721,0.074739,-0.49546,0.857365,-0.560962,0.36395,0.17149,0.874471,-0.134531,-0.081314,-0.510813,-0.039458,-0.534019,0.54386,-0.452537,-0.1776,0.080668,0.40717,-0.630992,-1.730316,0.557355,-0.383431,-1.63571,-0.222605,-1.724118,0.095199
-0.0124,0.00133,0.378153,0.115182,0.072317,-0.477237,0.868187,-0.503684,0.445779,0.301106,0.853681,-0.0802,-0.091547,-0.509527,-0.0257,-0.571829,0.544715,-0.46482,-0.207066,0.099974,0.430254,-0.630745,-1.723764,0.603257,-0.381934,-1.624856,-0.215303,-1.748428,0.041355
-0.019474,0.003045,0.377704,0.114178,0.070187,-0.456261,0.879695,-0.45836,0.494456,0.42831,0.82778,-0.050701,-0.093682,-0.512923,-0.027459,-0.619552,0.545017,-0.46709,-0.2321,0.120896,0.449042,-0.637179,-1.724376,0.663378,-0.387028,-1.639592,-0.203381,-1.779819,0.058924
-0.025096,0.004702,0.37745,0.113781,0.07133,-0.427225,0.894117,-0.438233,0.515084,0.526192,0.777972,0.004995,-0.096437,-0.517742,-0.03711,-0.678168,0.542451,-0.474659,-0.249617,0.152324,0.461367,-0.630147,-1.735136,0.697238,-0.397346,-1.657671,-0.201719,-1.804341,0.064514
-0.027478,0.008283,0.377846,0.109853,0.067618,-0.397142,0.908647,-0.423392,0.50618,0.602975,0.734491,0.064319,-0.102258,-0.506232,-0.057623,-0.741625,0.539365,-0.475882,-0.261878,0.183915,0.497586,-0.621246,-1.739081,0.664042,-0.399211,-1.687468,-0.191936,-1.83088,0.07174
-0.024632,0.015033,0.379947,0.108635,0.05844,-0.367185,0.921932,-0.408302,0.436248,0.618378,0.670297,0.114939,-0.099875,-0.482225,-0.1104,-0.797766,0.54141,-0.468701,-0.256935,0.278894,0.471767,-0.552066,-1.743968,0.82312,-0.412896,-1.720687,-0.175414,-1.886966,0.09347
-0.020357,0.023239,0.381037,0.103833,0.05701,-0.327323,0.937459,-0.424959,0.353945,0.597005,0.61275,0.132172,-0.098652,-0.470257,-0.171592,-0.851683,0.564327,-0.456749,-0.254591,0.305291,0.50056,-0.529363,-1.760482,0.82106,-0.428271,-1.744828,-0.178176,-1.91,0.065224
-0.021425,0.025548,0.377475,0.092251,0.052922,-0.282124,0.953465,-0.418765,0.300471,0.676436,0.587381,0.038529,-0.045665,-0.442988,-0.197544,-0.906525,0.588593,-0.477547,-0.247521,0.315664,0.514872,-0.51472,-1.762821,0.808218,-0.424646,-1.771675,-0.172381,-1.91,0.062931
-0.023311,0.031551,0.373292,0.085204,0.048448,-0.23268,0.967602,-0.399846,0.199173,0.755121,0.495514,-0.034322,0.006141,-0.443374,-0.263951,-0.894015,0.642289,-0.489296,-0.204153,0.327898,0.535289,-0.484617,-1.797191,0.773644,-0.412339,-1.803673,-0.196241,-1.91,0.071282
-0.023971,0.031633,0.369489,0.073923,0.044921,-0.178179,0.980189,-0.393886,0.138725,0.730906,0.419439,-0.06429,0.017057,-0.421849,-0.29921,-0.865872,0.683096,-0.52382,-0.174892,0.304802,0.539468,-0.466972,-1.811932,0.736487,-0.409886,-1.804451,-0.220645,-1.91,0.076999
-0.023062,0.027556,0.367438,0.061142,0.038609,-0.114919,0.990739,-0.402525,0.117921,0.597122,0.376654,-0.051716,0.004479,-0.389888,-0.327704,-0.768982,0.713662,-0.533757,-0.118713,0.280224,0.535302,-0.457132,-1.81746,0.695416,-0.41642,-1.790089,-0.238075,-1.91,0.059177
-0.019109,0.019624,0.36629,0.046804,0.030008,-0.040876,0.997616,-0.42635,0.119796,0.413128,0.372127,-0.032348,-0.019155,-0.332067,-0.330088,-0.658835,0.723707,-0.543812,-0.055326,0.255868,0.547485,-0.499483,-1.825077,0.642175,-0.42775,-1.760054,-0.249894,-1.91,0.040897
-0.002575,0.006997,0.365834,0.026683,0.022363,0.043028,0.998467,-0.438747,0.141488,0.204791,0.388883,-0.041859,-0.065117,-0.213009,-0.278352,-0.560229,0.686028,-0.548314,0.034644,0.202637,0.551235,-0.529809,-1.832602,0.574452,-0.481504,-1.682213,-0.228507,-1.91,0.07591
0.008763,-0.000775,0.364222,0.005688,0.02907,0.133772,0.990569,-0.508407,0.144843,-0.005494,0.388262,-0.015774,-0.146016,-0.148982,-0.223365,-0.51995,0.648527,-0.529157,0.084298,0.119766,0.573145,-0.563255,-1.835922,0.622373,-0.439997,-1.569827,-0.309309,-1.909933,0.168468
0.01755,-0.004993,0.362888,-0.007954,0.01726,0.221107,0.975064,-0.536921,0.109693,-0.163521,0.401604,-0.019454,-0.149339,-0.027505,-0.168375,-0.655682,0.634728,-0.572671,0.069312,0.07653,0.535822,-0.562375,-1.81269,0.610941,-0.430267,-1.406604,-0.374435,-1.90995,0.152095
0.024769,-0.008962,0.360116,-0.019506,0.012465,0.305756,0.951828,-0.57809,0.061173,-0.299569,0.414365,-0.019729,-0.146189,0.070717,-0.097573,-0.726399,0.554037,-0.575633,0.107446,0.025845,0.479115,-0.551155,-1.774974,0.599123,-0.469531,-1.183011,-0.445336,-1.91,0.132331
0.027969,-0.012147,0.358478,-0.033473,0.012766,0.36559,0.930086,-0.631987,0.021782,-0.426083,0.429208,-0.004794,-0.140021,0.113688,-0.030051,-0.800387,0.492782,-0.570437,0.109101,0.019048,0.425367,-0.460339,-1.730343,0.6465,-0.667578,-0.814474,-0.379273,-1.91,0.08346
0.031422,-0.013117,0.355915,-0.042814,0.010109,0.390378,0.919603,-0.65913,0.018581,-0.481976,0.460339,-0.016964,-0.186544,0.137811,0.001158,-0.821716,0.488064,-0.583695,0.117747,0.088601,0.353187,-0.288148,-1.721769,0.708562,-0.873683,-0.362397,-0.232565,-1.91,-0.106039
0.035919,-0.016169,0.352758,-0.061199,0.006216,0.415842,0.907354,-0.706745,0.026854,-0.563722,0.50794,-0.041746,-0.227653,0.183335,0.086759,-0.826275,0.396544,-0.555759,0.149911,0.159432,0.341854,-0.149756,-1.744463,0.810609,-1.085969,-0.046651,-0.129235,-1.550607,-1.16339
0.037987,-0.018511,0.349434,-0.074485,0.003185,0.455389,0.887165,-0.767932,-0.021928,-0.665282,0.572981,-0.04277,-0.245294,0.22637,0.168616,-0.859231,0.314453,-0.556606,0.153322,0.189982,0.341839,-0.108483,-1.764079,0.864091,-1.104187,-0.043844,-0.102307,-1.419831,-1.142492
0.041067,-0.020589,0.346171,-0.07248,0.007546,0.481763,0.873266,-0.811529,-0.08477,-0.709491,0.634093,-0.05016,-0.2437,0.254198,0.207931,-0.895526,0.261885,-0.566527,0.164439,0.221528,0.340098,-0.06703,-1.776241,0.913698,-1.16681,-0.074556,-0.065554,-1.475777,-0.851896
0.043422,-0.023121,0.341974,-0.070883,0.009324,0.505216,0.860026,-0.852563,-0.14017,-0.717053,0.705193,-0.066922,-0.235391,0.282584,0.259117,-0.937117,0.198285,-0.593096,0.159328,0.253577,0.348552,-0.032262,-1.791884,0.954185,-1.27593,0.011767,-0.135467,-1.413597,-0.953348
0.04537,-0.02743,0.340199,-0.068667,0.008365,0.527733,0.846589,-0.88958,-0.171149,-0.619519,0.790969,-0.087206,-0.169445,0.295986,0.299608,-0.965679,0.16218,-0.606853,0.140127,0.280111,0.351057,-0.015889,-1.79736,0.950729,-1.327754,0.004858,-0.180193,-1.3988,-0.921847
0.046551,-0.030497,0.339762,-0.065537,0.006619,0.546869,0.834623,-0.91501,-0.178254,-0.468305,0.876363,-0.123562,-0.0782,0.298544,0.31,-0.995242,0.171134,-0.617657,0.139472,0.309041,0.333865,-0.002822,-1.800133,0.953323,-1.336344,-0.046119,-0.167391,-1.391689,-0.916175
0.050165,-0.029217,0.338964,-0.062068,0.002114,0.561526,0.825125,-0.910868,-0.18308,-0.38702,0.946831,-0.172631,-0.052573,0.325323,0.31,-1.003732,0.190677,-0.616406,0.157281,0.33288,0.3212,0.024637,-1.788267,0.953593,-1.33886,-0.087451,-0.148452,-1.398389,-0.893205
0.054669,-0.02727,0.339512,-0.064845,-0.002384,0.574738,0.815761,-0.898003,-0.167134,-0.291603,0.995553,-0.220516,-0.013147,0.335071,0.31,-1.003519,0.237751,-0.617632,0.155068,0.333415,0.327816,0.038918,-1.794649,0.939898,-1.327524,-0.134933,-0.147264,-1.41706,-0.902683
0.063605,-0.022862,0.34466,-0.068375,-0.014454,0.58839,0.805552,-0.822834,-0.13846,-0.272462,0.977483,-0.285792,0.024513,0.335819,0.31,-1.017215,0.344863,-0.586263,0.121048,0.346546,0.329942,0.036924,-1.776693,0.921855,-1.295332,-0.15682,-0.168285,-1.44303,-0.896226
0.081415,-0.009708,0.361255,-0.078034,-0.032113,0.597868,0.797141,-0.667814,-0.059671,-0.356237,0.868759,-0.335531,0.024458,0.277022,0.233894,-1.009188,0.627175,-0.454318,0.020231,0.345109,0.349252,0.035645,-1.756089,0.924031,-1.236911,-0.169523,-0.204963,-1.486676,-0.868079
0.074904,0.00797,0.367207,-0.053328,-0.016971,0.611587,0.789195,-0.554824,-0.155026,-0.338372,0.748904,-0.290993,0.127562,-0.152151,-0.355188,-0.772611,1.485131,-0.055549,0.001168,0.36022,0.292455,-0.034542,-1.7714,0.944077,-1.130065,-0.218508,-0.164019,-1.594147,-0.871703
0.123973,-0.025642,0.355824,-0.037082,0.012502,0.62727,0.777818,-0.680568,-0.077468,-0.412135,0.783055,-0.282474,-0.043462,-0.845795,-0.284131,-0.428913,1.820071,0.488543,0.22515,0.365727,0.305564,-0.118182,-1.800587,0.950565,-1.102753,-0.267843,-0.129261,-1.648997,-0.847817
0.130783,-0.014916,0.359177,-0.03921,0.011122,0.628872,0.77644,-0.632599,-0.060768,-0.417993,0.776276,-0.324874,-0.013866,-1.163112,-0.371875,-0.32831,2.018291,0.588553,0.242706,0.408721,0.398378,-0.17909,-1.822101,0.917555,-1.074722,-0.281438,-0.124853,-1.672084,-0.785003
0.135203,-0.007717,0.363145,-0.071202,-0.006053,0.62599,0.77655,-0.635714,0.029255,-0.457339,0.812321,-0.379599,-0.042238,-1.456631,-0.363293,-0.253378,2.053717,0.591303,0.254128,0.454486,0.525578,-0.227303,-1.842959,0.881605,-1.097098,-0.189394,-0.193791,-1.644661,-0.806221
0.159232,-0.016367,0.361762,-0.089348,-0.0104,0.62356,0.776583,-0.666037,0.164319,-0.511765,0.776898,-0.365601,-0.187665,-1.705657,-0.284895,-0.244301,1.884122,0.604498,0.26593,0.49485,0.602648,-0.240746,-1.850413,0.928175,-1.106306,-0.157173,-0.204492,-1.643069,-0.761647
0.155019,-0.014637,0.365232,-0.107153,-0.009363,0.622751,0.774992,-0.680409,0.191035,-0.512488,0.735995,-0.31431,-0.238148,-1.830016,-0.219333,-0.033964,1.549711,0.499377,0.349268,0.518389,0.645617,-0.222721,-1.845293,0.966836,-1.106538,-0.157208,-0.217181,-1.661715,-0.747512
0.136851,-0.010964,0.367584,-0.118724,-0.000399,0.630929,0.766703,-0.698946,0.137485,-0.494465,0.69593,-0.249948,-0.236893,-1.721824,-0.287724,0.249797,0.862897,0.396554,0.442159,0.511345,0.65096,-0.233276,-1.84839,0.96792,-1.1057,-0.189234,-0.225539,-1.691302,-0.73883
0.131175,-0.010151,0.364851,-0.120267,0.005781,0.650879,0.749572,-0.704595,0.102262,-0.493102,0.656887,-0.206072,-0.271753,-1.54295,-0.491996,0.216678,0.161286,0.340329,0.348929,0.496036,0.639494,-0.257132,-1.836499,0.995136,-1.085328,-0.254694,-0.233429,-1.725346,-0.708682
0.13756,-0.007867,0.3624,-0.117253,0.006482,0.676078,0.727412,-0.715666,0.080488,-0.544191,0.666895,-0.203434,-0.304685,-1.572305,-0.572497,0.10465,0.22807,0.292364,0.421388,0.49611,0.650977,-0.261428,-1.855768,1.030575,-1.075651,-0.342274,-0.252445,-1.737226,-0.699571
0.134633,-0.010435,0.368953,-0.114338,-0.011518,0.701382,0.703461,-0.693402,0.043442,-0.54185,0.667554,-0.165237,-0.22921,-1.60442,-0.628124,0.115742,0.584419,0.367183,0.460748,0.488915,0.663794,-0.263418,-1.856082,1.043769,-1.049693,-0.398026,-0.307822,-1.724907,-0.713783
0.157543,-0.012321,0.380643,-0.120075,-0.038155,0.715914,0.686727,-0.630545,0.152645,-0.502582,0.609175,-0.164712,-0.20463,-1.638847,-0.463861,0.291487,1.031277,0.456304,0.561059,0.481405,0.634036,-0.184138,-1.823855,1.047058,-1.022135,-0.413292,-0.364071,-1.700134,-0.72261
0.16699,-0.004077,0.381914,-0.111079,-0.046821,0.740169,0.661528,-0.564389,0.163454,-0.477618,0.58256,-0.198648,-0.180975,-1.598084,-0.542837,0.133729,1.400462,0.380873,0.45253,0.487437,0.5615,-0.131425,-1.796991,1.075844,-0.969957,-0.496094,-0.402364,-1.696645,-0.71854
0.189444,0.004114,0.383264,-0.110975,-0.054657,0.766229,0.630548,-0.546605,0.225853,-0.567447,0.539175,-0.217118,-0.232394,-1.437686,-0.517059,0.021472,1.56087,0.390631,0.429288,0.474882,0.538817,-0.177377,-1.829322,1.093759,-0.918234,-0.587675,-0.450338,-1.695414,-0.693377
0.208955,0.013722,0.38275,-0.105852,-0.058406,0.789141,0.602196,-0.533841,0.269135,-0.620681,0.515864,-0.241349,-0.25717,-1.211105,-0.436107,-0.063018,1.558012,0.412979,0.45823,0.467164,0.524215,-0.183804,-1.850331,1.062852,-0.856172,-0.677391,-0.503503,-1.69181,-0.700157
0.197624,0.019888,0.380966,-0.092836,-0.049575,0.809837,0.577138,-0.508592,0.176936,-0.626901,0.542103,-0.268306,-0.193184,-0.92948,-0.45691,-0.090189,1.394231,0.338153,0.470572,0.448368,0.474204,-0.207374,-1.878643,1.069113,-0.776035,-0.791219,-0.553888,-1.702172,-0.7266
0.17405,0.015886,0.378528,-0.07473,-0.042088,0.825971,0.55715,-0.492396,0.026687,-0.64084,0.589305,-0.260055,-0.093507,-0.579451,-0.575129,-0.347835,1.09575,0.25912,0.33987,0.443243,0.407567,-0.202935,-1.909257,1.046359,-0.662394,-0.915626,-0.636946,-1.692376,-0.754297
0.177211,0.013502,0.371141,-0.071983,-0.029006,0.825705,0.558738,-0.552258,-0.021994,-0.640907,0.680813,-0.304657,-0.082839,-0.383128,-0.511547,-0.54633,0.890375,0.077231,0.295642,0.401392,0.313121,-0.162451,-1.907315,1.034098,-0.644956,-0.945512,-0.634503,-1.711235,-0.757056
0.174584,0.001433,0.363826,-0.06535,-0.021869,0.813529,0.577427,-0.618291,-0.074767,-0.589406,0.769043,-0.29918,-0.058049,-0.266232,-0.4617,-0.815459,0.770703,-0.131266,0.223081,0.388951,0.226739,-0.11807,-1.90994,1.032276,-0.641322,-0.928037,-0.603563,-1.722091,-0.768769
0.178838,0.00432,0.359959,-0.062628,-0.025941,0.786589,0.613745,-0.649438,-0.039236,-0.515885,0.903008,-0.37841,-0.05727,-0.196863,-0.306091,-0.923799,0.561967,-0.191603,0.199069,0.321882,0.174968,-0.08889,-1.91,0.998793,-0.659986,-0.854192,-0.511251,-1.77121,-0.767318
0.176383,0.005424,0.360999,-0.054821,-0.030176,0.728182,0.682521,-0.584763,0.049376,-0.366783,0.911098,-0.427597,-0.02213,-0.269922,-0.266174,-0.726853,0.511839,-0.157697,0.184443,0.358602,0.101359,0.10905,-1.91,0.931615,-0.734902,-0.672798,-0.298945,-1.861568,-0.67697
0.181327,0.017498,0.363642,-0.046182,-0.024932,0.6347,0.770975,-0.398217,0.179209,-0.11738,0.826296,-0.510407,-0.007998,-0.391359,-0.215733,-0.429828,0.543135,-0.134727,0.179155,0.366504,0.050231,0.195473,-1.91,0.946055,-0.845217,-0.409628,-0.001397,-1.892812,-0.610699
0.188035,0.026566,0.364318,-0.039327,-0.020345,0.520509,0.852707,-0.162845,0.253959,0.194361,0.703433,-0.566734,-0.035414,-0.483274,-0.112312,-0.155961,0.530188,-0.073296,0.189663,0.371599,0.132479,0.170831,-1.91,1.009871,-0.944445,-0.157026,0.298257,-1.81987,-0.566663
0.196077,0.037756,0.361366,-0.033008,-0.008433,0.421771,0.906062,0.033088,0.233706,0.451323,0.605106,-0.618556,-0.090428,-0.50596,-0.030041,0.049693,0.47517,-0.042216,0.216208,0.319485,0.357944,0.101062,-1.91,1.037355,-0.897761,-0.076664,0.514826,-1.856112,-0.584195
0.197784,0.041262,0.358229,-0.019097,-0.004295,0.358171,0.933451,0.147915,0.170384,0.618993,0.534443,-0.628558,-0.142221,-0.51355,0.002742,0.167217,0.456247,-0.033037,0.226615,0.112542,0.702176,-0.156949,-1.91,0.93265,-0.713018,-0.160833,0.626005,-1.91,-0.780496
0.197817,0.020463,0.3613,0.013446,-0.001307,0.304599,0.952385,0.160777,0.112021,0.722273,0.481559,-0.553164,-0.067491,-0.563675,0.053814,0.250014,0.456901,0.040455,0.161253,-0.228476,0.873042,-0.443554,-1.91,0.698583,-0.440035,-0.277699,0.732857,-1.91,-0.964484
0.195087,0.031768,0.359326,0.062768,0.022724,0.356902,0.931754,0.177879,-0.060067,0.599902,0.373412,-0.539412,-0.05506,-0.569287,-0.147135,0.224455,0.533571,-0.081435,0.210166,-0.856451,0.796386,-0.948928,-1.91,0.276189,-0.012291,-0.438766,0.452355,-1.91,-1.091028
0.195026,0.025823,0.357053,0.084456,0.063108,0.379642,0.919106,0.095404,-0.122769,0.538843,0.346252,-0.508049,-0.033597,-0.679842,-0.220142,0.237431,0.601558,-0.123747,0.198468,-1.415706,0.645288,-1.071139,-1.342325,-1.015287,0.264609,-0.380359,0.171765,-1.91,-1.181784
0.192805,0.034505,0.356123,0.080027,0.062722,0.373833,0.921906,0.113649,-0.143733,0.526063,0.337728,-0.521584,0.008574,-0.699362,-0.222502,0.281839,0.643704,-0.162334,0.23116,-1.75196,0.027597,-0.868306,-0.608756,-0.461809,0.249331,-0.344758,0.115562,-1.91,-1.22164
0.190597,0.038956,0.354749,0.090214,0.045761,0.335158,0.936716,0.179429,-0.17926,0.580979,0.336337,-0.539518,0.014581,-0.690986,-0.191173,0.368734,0.65988,-0.156757,0.258252,-1.778381,0.021991,-1.076782,-0.580203,-0.565578,0.132044,-0.417277,0.248225,-1.91,-1.181473
0.188533,0.040442,0.354141,0.114545,0.052901,0.323828,0.937666,0.194826,-0.2534,0.577212,0.302464,-0.510514,0.035193,-0.718188,-0.230734,0.434133,0.678595,-0.166291,0.28511,-1.834002,-0.037526,-1.179501,-0.392822,-0.402209,0.055713,-0.482076,0.307433,-1.91,-1.067343
0.188716,0.042295,0.355077,0.109553,0.061188,0.342349,0.931156,0.171474,-0.244703,0.535217,0.30264,-0.502062,0.039137,-0.718298,-0.259413,0.404148,0.667089,-0.173053,0.289194,-1.917832,-0.158263,-1.049431,-0.327813,-0.421627,0.053729,-0.421525,0.321841,-1.91,-1.061512
0.187864,0.043318,0.355166,0.114862,0.061809,0.352453,0.926695,0.15919,-0.248185,0.493928,0.327498,-0.508277,0.056757,-0.718151,-0.285867,0.404394,0.678553,-0.184606,0.296076,-1.980814,-0.246823,-1.083092,-0.253965,-0.394883,0.072578,-0.428561,0.310936,-1.91,-1.090395
0.187569,0.044443,0.355294,0.115542,0.062361,0.352141,0.926692,0.138338,-0.237762,0.470243,0.371812,-0.524252,0.068493,-0.731175,-0.28181,0.417292,0.701455,-0.193651,0.287323,-2.008213,-0.275018,-1.128167,-0.225373,-0.368869,0.072563,-0.440142,0.319977,-1.91,-1.107641
0.185913,0.04778,0.355401,0.109047,0.062865,0.359186,0.924739,0.069599,-0.204037,0.372904,0.480431,-0.562139,0.076999,-0.744806,-0.281467,0.408481,0.729507,-0.204186,0.280713,-2.045106,-0.32473,-1.105726,-0.194203,-0.374476,0.079447,-0.438798,0.328089,-1.91,-1.113633
0.177647,0.052158,0.353798,0.104761,0.057174,0.36994,0.921358,-0.022407,-0.191165,0.196992,0.597315,-0.603273,0.060035,-0.766612,-0.295966,0.390194,0.777554,-0.210657,0.259866,-2.062106,-0.349398,-1.162363,-0.208384,-0.2738,0.093286,-0.441072,0.336374,-1.91,-1.10604
0.173582,0.053441,0.353149,0.098873,0.059341,0.379047,0.918164,-0.132667,-0.176747,0.127854,0.71924,-0.613131,0.073889,-0.790578,-0.300676,0.38632,0.796323,-0.206619,0.250273,-2.068145,-0.36,-1.172747,-0.239623,-0.255371,0.116734,-0.437694,0.352581,-1.91,-1.132341
0.168556,0.052675,0.352458,0.09062,0.07517,0.386238,0.914854,-0.235239,-0.173761,0.080035,0.779793,-0.605042,0.066698,-0.831065,-0.315284,0.38773,0.764486,-0.171151,0.262483,-2.072889,-0.36,-1.185839,-0.292294,-0.238807,0.107142,-0.437039,0.373642,-1.91,-1.160211
0.16259,0.049567,0.351935,0.080493,0.093551,0.388803,0.913018,-0.324647,-0.168172,0.061669,0.807712,-0.587199,0.048828,-0.864011,-0.328635,0.396706,0.675984,-0.090963,0.299657,-2.057106,-0.36,-1.127729,-0.342288,-0.235978,0.072318,-0.415321,0.420988,-1.91,-1.232475
0.155372,0.044096,0.35235,0.067573,0.116049,0.387959,0.911841,-0.411566,-0.15908,0.085732,0.802715,-0.555349,0.036347,-0.882882,-0.349252,0.408879,0.507756,0.066706,0.371745,-2.001441,-0.354732,-1.032236,-0.435772,-0.193004,-0.022609,-0.380457,0.508042,-1.91,-1.296959
0.147943,0.036912,0.350551,0.05723,0.133479,0.381139,0.91304,-0.47337,-0.145306,0.131618,0.785657,-0.543866,0.028887,-0.853527,-0.386402,0.337524,0.328414,0.127031,0.433654,-1.862743,-0.315808,-0.908158,-0.571279,-0.137862,-0.13863,-0.309041,0.618607,-1.91,-1.339135
0.140762,0.031484,0.347274,0.047916,0.137065,0.363426,0.920238,-0.515752,-0.116135,0.187141,0.811661,-0.561711,0.036806,-0.79079,-0.397334,0.207234,0.267794,-0.007937,0.42186,-1.654268,-0.26902,-0.798738,-0.682128,-0.020827,-0.260392,-0.205828,0.750791,-1.91,-1.361686
0.130014,0.028427,0.351095,0.021484,0.151216,0.356198,0.921843,-0.599908,-0.085483,0.199388,0.810561,-0.527514,0.062545,-0.774566,-0.390138,0.046332,0.319166,-0.080362,0.333995,-1.518702,-0.28249,-0.761929,-0.715719,0.085236,-0.436618,-0.064954,0.829405,-1.91,-1.397815
0.119284,0.026082,0.356231,-0.007947,0.148642,0.349502,0.925035,-0.64459,-0.040393,0.190637,0.798633,-0.495587,0.084323,-0.73317,-0.368901,-0.14259,0.432289,-0.14265,0.2434,-1.430655,-0.331804,-0.717434,-0.691075,0.185171,-0.61625,0.118903,0.868228,-1.877981,-1.469758
0.113237,0.022766,0.362322,-0.039408,0.134841,0.336393,0.931184,-0.637303,0.034402,0.192035,0.765585,-0.480583,0.089939,-0.696309,-0.330255,-0.264891,0.584713,-0.198312,0.141239,-1.398517,-0.36,-0.715196,-0.673541,0.342758,-0.941443,0.36,0.770327,-1.655696,-1.609847
0.10899,0.020614,0.367659,-0.056198,0.120395,0.326454,0.935828,-0.606595,0.077454,0.193953,0.720437,-0.469609,0.101072,-0.66904,-0.335793,-0.31002,0.73501,-0.224904,0.087622,-1.389967,-0.36,-0.698751,-0.705929,0.52522,-1.169127,0.36,0.649979,-1.612616,-1.784715
0.104016,0.01854,0.373687,-0.070355,0.109148,0.304541,0.943606,-0.577006,0.126394,0.210592,0.672496,-0.437351,0.099693,-0.660172,-0.331725,-0.313477,0.824419,-0.188642,0.049134,-1.447343,-0.36,-0.682901,-0.71822,0.642408,-1.387781,0.36,0.554479,-1.561462,-1.901744
0.101788,0.019194,0.378232,-0.07341,0.088074,0.278534,0.953558,-0.513479,0.164381,0.240729,0.651896,-0.42545,0.092949,-0.624635,-0.351245,-0.304909,0.891863,-0.137701,0.040815,-1.453818,-0.36,-0.665607,-0.774808,0.728354,-1.516962,0.36,0.491966,-1.538304,-1.928198
0.09365,0.018774,0.382276,-0.065441,0.070961,0.251943,0.962916,-0.475761,0.17396,0.237152,0.627731,-0.371352,0.075238,-0.586393,-0.403138,-0.352645,0.882448,-0.056379,0.027965,-1.500937,-0.36,-0.672227,-0.756088,0.811334,-1.623865,0.36,0.458716,-1.506763,-1.921444
0.091268,0.023358,0.386305,-0.057968,0.056505,0.21355,0.973572,-0.425575,0.196756,0.181002,0.615365,-0.318627,0.016869,-0.523379,-0.439935,-0.411575,0.805169,0.038275,0.030331,-1.507198,-0.36,-0.610774,-0.702278,0.896954,-1.703216,0.36,0.419834,-1.515596,-1.868145
0.093582,0.024581,0.389316,-0.050186,0.046053,0.180645,0.981187,-0.390042,0.227373,0.037829,0.602435,-0.270831,-0.070704,-0.448122,-0.453873,-0.446385,0.685948,0.150926,0.081184,-1.439755,-0.36,-0.533043,-0.724288,0.94596,-1.689367,0.36,0.406542,-1.550199,-1.788418
0.098159,0.025298,0.390267,-0.044243,0.037038,0.132367,0.98952,-0.341352,0.264111,-0.141526,0.582736,-0.261595,-0.148492,-0.376468,-0.438791,-0.467271,0.542728,0.224758,0.121221,-1.317424,-0.359981,-0.509296,-0.7918,0.881849,-1.605549,0.36,0.41615,-1.608782,-1.709733
0.102749,0.016112,0.387002,-0.032597,0.014873,0.104263,0.993904,-0.266168,0.305096,-0.288895,0.542409,-0.265441,-0.215246,-0.297431,-0.420843,-0.338371,0.455871,0.201205,0.204617,-1.098836,-0.323614,-0.516419,-0.920203,0.879586,-1.413216,0.36,0.491791,-1.654219,-1.542327
0.108276,0.002788,0.378662,-0.032955,0.014924,0.053977,0.997887,-0.214513,0.378096,-0.274899,0.56001,-0.357322,-0.225202,-0.317957,-0.367471,-0.186501,0.446599,0.072731,0.24362,-0.793796,-0.173504,-0.519774,-1.173581,0.893002,-1.270208,0.36,0.579862,-1.711521,-1.361973
0.107349,-0.008373,0.368429,-0.035594,0.009577,0.018514,0.999149,-0.198569,0.421943,-0.161814,0.665646,-0.482068,-0.187309,-0.331516,-0.316035,-0.156719,0.478332,-0.074831,0.233515,-0.468349,-0.001965,-0.549218,-1.411577,0.942029,-1.116855,0.352534,0.658848,-1.725848,-1.105042
0.10126,-0.014052,0.360757,-0.028412,0.015317,0.020908,0.99926,-0.262612,0.403829,-0.044938,0.784439,-0.585493,-0.089688,-0.358459,-0.318679,-0.173096,0.51306,-0.188008,0.192865,-0.196597,0.113874,-0.588289,-1.581904,1.021557,-0.847134,0.052521,0.725282,-1.91,-0.9408
0.099208,-0.018285,0.356333,-0.025559,0.034661,0.029161,0.998647,-0.358814,0.39635,-0.083425,0.856669,-0.638798,-0.040354,-0.454084,-0.32896,-0.149019,0.611918,-0.250747,0.16475,0.027908,0.224918,-0.587855,-1.702479,1.089743,-0.668472,-0.174012,0.698523,-1.91,-0.78193
0.09956,-0.018331,0.354119,-0.011341,0.044508,0.074806,0.99614,-0.469383,0.328107,-0.18852,0.910187,-0.614607,-0.059354,-0.473854,-0.412065,-0.205984,0.707335,-0.29994,0.189115,0.197716,0.308805,-0.619971,-1.815477,1.122878,-0.341754,-0.436047,0.501613,-1.91,-0.743505
0.097095,-0.018693,0.352081,-0.000113,0.061383,0.131901,0.989361,-0.582569,0.249301,-0.289519,0.92055,-0.566943,-0.085043,-0.471303,-0.496763,-0.295501,0.76649,-0.352833,0.190317,0.232816,0.383982,-0.61339,-1.902138,1.083712,-0.114696,-0.491384,0.1952,-1.582555,-0.864715
0.093071,-0.019879,0.348082,0.002481,0.073222,0.164834,0.983597,-0.652508,0.208656,-0.351357,0.919782,-0.55516,-0.094312,-0.509071,-0.551244,-0.338891,0.852281,-0.396476,0.196644,0.193215,0.399908,-0.540046,-1.909026,1.127829,-0.298763,-0.506438,0.014122,-0.809241,-0.106469
0.085297,-0.018952,0.344643,0.017518,0.080587,0.203171,0.975664,-0.718913,0.119568,-0.41461,0.911768,-0.496803,-0.120541,-0.534974,-0.647693,-0.370257,0.920971,-0.420072,0.217738,0.144506,0.397834,-0.535216,-1.91,1.144742,-0.174278,-0.645497,0.117736,-0.674279,-0.162692
0.085247,-0.016471,0.339654,0.041309,0.087244,0.214234,0.972001,-0.741499,0.046263,-0.403339,0.951263,-0.512322,-0.110569,-0.593825,-0.742179,-0.315226,1.005498,-0.460667,0.251996,0.113957,0.340255,-0.491027,-1.91,1.080721,-0.107826,-0.706951,0.163238,-0.841561,-0.098384
0.081028,-0.01754,0.340828,0.036917,0.092764,0.195529,0.975603,-0.74825,0.072878,-0.375568,0.940064,-0.509525,-0.086284,-0.673662,-0.70309,-0.244674,0.99533,-0.424662,0.229444,0.159476,0.277503,-0.410852,-1.91,1.031427,-0.126663,-0.685341,0.196443,-0.924026,-0.094699
0.0789,-0.018206,0.34622,0.024713,0.085623,0.109701,0.989962,-0.645517,0.202094,-0.242475,0.901358,-0.538432,-0.069095,-0.755428,-0.552732,-0.101978,0.899458,-0.316329,0.206293,0.257841,0.183996,-0.224343,-1.91,1.024914,-0.262065,-0.574536,0.396889,-0.952197,-0.042631
0.092615,-0.015629,0.345322,0.018168,0.088515,0.013076,0.995823,-0.502115,0.311062,-0.064365,0.9285,-0.665168,-0.060405,-0.805502,-0.420966,0.041735,0.861642,-0.300703,0.210447,0.301136,0.082137,-0.144263,-1.91,0.982363,-0.403323,-0.438386,0.555787,-0.986672,-0.001431
0.098765,-0.018018,0.342947,-0.010041,0.083198,-0.140525,0.986524,-0.240268,0.472033,0.219567,0.906052,-0.772791,-0.095384,-0.850543,-0.159042,0.23333,0.762391,-0.201903,0.205022,0.327354,0.155823,-0.056265,-1.91,0.960387,-0.622188,-0.145599,0.890465,-0.915239,-0.06359
0.098293,-0.017877,0.337119,-0.02265,0.077832,-0.2608,0.961984,-0.032765,0.518826,0.482112,0.914414,-0.838077,-0.135836,-0.893299,0.029008,0.394401,0.707981,-0.109954,0.226934,0.249404,0.396645,-0.118481,-1.91,1.001004,-0.64297,-0.044004,1.043157,-1.038888,-0.201169
0.097602,-0.016439,0.334457,-0.010667,0.053112,-0.31327,0.948118,0.101153,0.451433,0.621874,0.896511,-0.856097,-0.127472,-0.884592,0.075,0.495189,0.712917,-0.091743,0.255884,-0.041798,0.577671,-0.347037,-1.91,0.913781,-0.403254,-0.214275,0.944673,-1.411888,-0.342384
0.071373,-0.01969,0.334875,0.011107,0.02742,-0.308599,0.950732,0.02401,0.459671,0.57828,0.915563,-0.767495,-0.134187,-0.905127,0.062055,0.447825,0.712242,-0.011631,0.213799,-0.569712,0.571931,-0.698684,-1.609046,0.256128,-0.033861,-0.329418,0.697317,-1.712523,-0.511798
0.09348,-0.007049,0.335755,0.061167,0.028025,-0.246418,0.966825,0.000694,0.248687,0.455039,0.82929,-0.791438,-0.075582,-0.90803,-0.192348,0.470505,0.773987,-0.129739,0.333487,-1.376683,-0.085703,-1.34083,-0.488837,-0.766943,0.117218,-0.332007,0.403159,-1.718757,-0.48067
0.101204,-0.00027,0.332799,0.07509,0.015462,-0.292372,0.953227,0.119651,0.150936,0.530349,0.751655,-0.81314,-0.064743,-0.918178,-0.185934,0.575272,0.759493,-0.121693,0.393641,-1.278758,-0.114596,-0.846095,-0.570227,-0.10249,0.079296,-0.416979,0.446674,-1.722874,-0.44028
0.106649,0.004399,0.329314,0.086565,0.014983,-0.330892,0.93957,0.185895,0.07911,0.556341,0.682602,-0.825078,-0.071556,-0.952931,-0.166729,0.660966,0.747504,-0.100691,0.447695,-1.284508,-0.049375,-0.999352,-0.610549,-0.360786,0.023551,-0.435758,0.527873,-1.755189,-0.504552
0.109383,0.008551,0.328635,0.094337,0.01477,-0.326568,0.940338,0.197435,0.039904,0.50045,0.628841,-0.824139,-0.066195,-0.95964,-0.209506,0.667852,0.734837,-0.097793,0.472984,-1.263856,-0.118312,-0.942515,-0.56444,-0.301816,0.003899,-0.452708,0.508207,-1.750731,-0.468602
0.110569,0.011837,0.329786,0.101899,0.017774,-0.305136,0.946675,0.170555,0.021821,0.437539,0.609382,-0.813811,-0.054471,-0.959702,-0.269427,0.652994,0.719107,-0.096614,0.480725,-1.308808,-0.229858,-0.92492,-0.50232,-0.31736,-0.011607,-0.459498,0.442739,-1.738852,-0.43325
0.109796,0.012654,0.329937,0.101641,0.019311,-0.306627,0.94619,0.163366,0.023972,0.449673,0.614786,-0.812934,-0.057919,-0.965341,-0.263482,0.653019,0.715338,-0.08892,0.472874,-1.322347,-0.245353,-0.938316,-0.49512,-0.301328,-0.042502,-0.450189,0.431444,-1.720301,-0.390514
0.109796,0.012654,0.329937,0.101641,0.019311,-0.306627,0.94619,0.146906,0.022474,0.421568,0.614786,-0.774626,-0.054299,-0.911257,-0.247015,0.612205,0.715338,-0.095862,0.44332,-1.278269,-0.237175,-0.907038,-0.478616,-0.291283,-0.041085,-0.435183,0.417063,-1.662958,-0.377497
0.109796,0.012654,0.331491,0.098148,0.018648,-0.30659,0.946584,0.130445,0.020976,0.393464,0.678988,-0.736317,-0.050679,-0.911257,-0.247015,0.612205,0.715338,-0.095862,0.44332,-1.234191,-0.228996,-0.875761,-0.462112,-0.281239,-0.039668,-0.420176,0.402681,-1.605614,-0.36448
0.109796,0.012654,0.333044,0.094654,0.017984,-0.306549,0.946966,0.113985,0.019478,0.365359,0.743191,-0.698009,-0.047059,-0.911257,-0.247015,0.612205,0.715338,-0.095862,0.44332,-1.190112,-0.220818,-0.844484,-0.445608,-0.271195,-0.038252,-0.40517,0.3883,-1.548271,-0.351462
0.109796,0.012654,0.334598,0.091159,0.01732,-0.306505,0.947336,0.097525,0.017979,0.337255,0.807393,-0.659701,-0.043439,-0.911257,-0.247015,0.612205,0.715338,-0.095862,0.44332,-1.146034,-0.212639,-0.813207,-0.429104,-0.261151,-0.036835,-0.390164,0.373918,-1.490928,-0.338445
0.109796,0.012654,0.336152,0.087662,0.016655,-0.306456,0.947693,0.081064,0.016481,0.30915,0.871595,-0.621392,-0.039819,-0.911257,-0.247015,0.612205,0.715338,-0.095862,0.44332,-1.101956,-0.204461,-0.78193,-0.4126,-0.251106,-0.035418,-0.375158,0.359537,-1.433584,-0.325428
0.109796,0.012654,0.337706,0.084164,0.015991,-0.306403,0.948039,0.064604,0.014983,0.281046,0.935798,-0.583084,-0.036199,-0.911257,-0.247015,0.612205,0.715338,-0.095862,0.44332,-1.057878,-0.196282,-0.750652,-0.396096,-0.241062,-0.034001,-0.360151,0.345156,-1.376241,-0.312411
0.109796,0.012654,0.33926,0.080666,0.015326,-0.306347,0.948372,0.048143,0.013484,0.252941,1.0,-0.544776,-0.032579,-0.911257,-0.247015,0.612205,0.715338,-0.095862,0.44332,-1.013799,-0.188104,-0.719375,-0.379592,-0.231018,-0.032585,-0.345145,0.330774,-1.318898,-0.299394
0.109796,0.012654,0.340814,0.077166,0.014661,-0.306286,0.948693,0.031683,0.011986,0.224837,1.0,-0.506467,-0.028959,-0.911257,-0.247015,0.612205,0.715338,-0.095862,0.44332,-0.969721,-0.179925,-0.688098,-0.363088,-0.220974,-0.031168,-0.330139,0.316393,-1.261554,-0.286377
0.109796,0.012654,0.342368,0.073665,0.013996,-0.306222,0.949002,0.015223,0.010488,0.196732,0.9,-0.468159,-0.02534,-0.911257,-0.247015,0.612205,0.715338,-0.095862,0.44332,-0.925643,-0.171747,-0.656821,-0.346584,-0.210929,-0.029751,-0.315132,0.302011,-1.204211,-0.27336
0.109796,0.012654,0.343922,0.070163,0.013331,-0.306154,0.949299,-0.001238,0.00899,0.168627,0.8,-0.42985,-0.02172,-0.911257,-0.247015,0.612205,0.715338,-0.095862,0.44332,-0.881565,-0.163569,-0.625544,-0.33008,-0.200885,-0.028335,-0.300126,0.28763,-1.146867,-0.260343
0.109796,0.012654,0.345476,0.066661,0.012665,-0.306081,0.949584,-0.017698,0.007491,0.140523,0.7,-0.391542,-0.0181,-0.911257,-0.247015,0.612205,0.715338,-0.095862,0.44332,-0.837487,-0.15539,-0.594266,-0.313576,-0.190841,-0.026918,-0.28512,0.273248,-1.089524,-0.247325
0.109796,0.012654,0.34703,0.063157,0.012,-0.306005,0.949857,-0.034158,0.005993,0.112418,0.6,-0.353234,-0.01448,-0.911257,-0.247015,0.612205,0.715338,-0.095862,0.44332,-0.793408,-0.147212,-0.562989,-0.297072,-0.180797,-0.025501,-0.270113,0.258867,-1.032181,-0.234308
0.109796,0.012654,0.348584,0.059653,0.011334,-0.305925,0.950117,-0.050619,0.004495,0.084314,0.5,-0.314925,-0.01086,-0.911257,-0.247015,0.612205,0.715338,-0.095862,0.44332,-0.74933,-0.139033,-0.531712,-0.280568,-0.170752,-0.024084,-0.255107,0.244485,-0.974837,-0.221291
0.109796,0.012654,0.350137,0.056148,0.010668,-0.305841,0.950366,-0.067079,0.002997,0.056209,0.4,-0.276617,-0.00724,-0.911257,-0.247015,0.612205,0.715338,-0.095862,0.44332,-0.705252,-0.130855,-0.500435,-0.264064,-0.160708,-0.022668,-0.240101,0.230104,-0.917494,-0.208274
0.109796,0.012654,0.351691,0.052642,0.010002,-0.305753,0.950602,-0.08354,0.001498,0.028105,0.3,-0.238308,-0.00362,-0.911257,-0.247015,0.612205,0.715338,-0.095862,0.44332,-0.661174,-0.122676,-0.469158,-0.24756,-0.150664,-0.021251,-0.225095,0.215722,-0.860151,-0.195257
0.109796,0.012654,0.353245,0.049136,0.009336,-0.305662,0.950826,-0.08354,0.001498,0.028105,0.3,-0.238308,-0.00362,-0.911257,-0.247015,0.612205,0.715338,-0.095862,0.44332,-0.617095,-0.114498,-0.437881,-0.231056,-0.14062,-0.019834,-0.210088,0.201341,-0.802807,-0.18224
0.109796,0.012654,0.354799,0.045629,0.008669,-0.305566,0.951037,-0.08354,0.001498,0.028105,0.3,-0.238308,-0.00362,-0.857174,-0.230547,0.571392,0.762782,-0.102805,0.413765,-0.573017,-0.10632,-0.406603,-0.214552,-0.130575,-0.018417,-0.195082,0.186959,-0.745464,-0.169223
0.109796,0.012654,0.356353,0.042121,0.008003,-0.305466,0.951237,-0.08354,0.001498,0.028105,0.3,-0.238308,-0.00362,-0.80309,-0.214079,0.530578,0.810226,-0.109747,0.38421,-0.528939,-0.098141,-0.375326,-0.198048,-0.120531,-0.017001,-0.180076,0.172578,-0.68812,-0.156206
0.109796,0.012654,0.357907,0.038613,0.007336,-0.305363,0.951425,-0.08354,0.001498,0.028105,0.3,-0.238308,-0.00362,-0.749006,-0.197612,0.489764,0.857669,-0.11669,0.354656,-0.484861,-0.089963,-0.344049,-0.181544,-0.110487,-0.015584,-0.165069,0.158196,-0.630777,-0.143188
0.109796,0.012654,0.359461,0.035104,0.00667,-0.305255,0.9516,-0.08354,0.001498,0.028105,0.3,-0.238308,-0.00362,-0.694922,-0.181144,0.448951,0.905113,-0.123632,0.325101,-0.440782,-0.081784,-0.312772,-0.16504,-0.100443,-0.014167,-0.150063,0.143815,-0.573434,-0.130171
0.109796,0.012654,0.361015,0.031595,0.006003,-0.305144,0.951763,-0.08354,0.001498,0.028105,0.3,-0.238308,-0.00362,-0.640838,-0.164677,0.408137,0.952556,-0.130575,0.295546,-0.396704,-0.073606,-0.281495,-0.148536,-0.090398,-0.012751,-0.135057,0.129433,-0.51609,-0.117154
0.109796,0.012654,0.362569,0.028085,0.005336,-0.305029,0.951914,-0.08354,0.001498,0.028105,0.3,-0.238308,-0.00362,-0.586754,-0.148209,0.367323,1.0,-0.137517,0.265992,-0.352626,-0.065427,-0.250217,-0.132032,-0.080354,-0.011334,-0.12005,0.115052,-0.458747,-0.104137
0.109796,0.012654,0.364123,0.024576,0.004669,-0.30491,0.952053,-0.08354,0.001498,0.028105,0.3,-0.238308,-0.00362,-0.532671,-0.131741,0.32651,1.0,-0.14446,0.236437,-0.308548,-0.057249,-0.21894,-0.115528,-0.07031,-0.009917,-0.105044,0.10067,-0.401404,-0.09112
0.109796,0.012654,0.365677,0.021065,0.004002,-0.304787,0.952179,-0.08354,0.001498,0.028105,0.3,-0.238308,-0.00362,-0.478587,-0.115274,0.285696,0.9,-0.151402,0.206883,-0.264469,-0.049071,-0.187663,-0.099024,-0.060266,-0.0085,-0.090038,0.086289,-0.34406,-0.078103
0.109796,0.012654,0.36723,0.017555,0.003335,-0.30466,0.952294,-0.08354,0.001498,0.028105,0.3,-0.238308,-0.00362,-0.424503,-0.098806,0.244882,0.8,-0.158345,0.177328,-0.220391,-0.040892,-0.156386,-0.08252,-0.050221,-0.007084,-0.075032,0.071907,-0.286717,-0.065086
0.109796,0.012654,0.368784,0.014044,0.002668,-0.304529,0.952396,-0.08354,0.001498,0.028105,0.3,-0.238308,-0.00362,-0.370419,-0.082338,0.204068,0.7,-0.165287,0.147773,-0.176313,-0.032714,-0.125109,-0.066016,-0.040177,-0.005667,-0.060025,0.057526,-0.229373,-0.052069
0.109796,0.012654,0.370338,0.010533,0.002001,-0.304394,0.952486,-0.08354,0.001498,0.028105,0.3,-0.238308,-0.00362,-0.316335,-0.065871,0.163255,0.6,-0.17223,0.118219,-0.132235,-0.024535,-0.093832,-0.049512,-0.030133,-0.00425,-0.045019,0.043144,-0.17203,-0.039051
0.109796,0.012654,0.371892,0.007022,0.001334,-0.304256,0.952564,-0.08354,0.001498,0.028105,0.3,-0.238308,-0.00362,-0.262251,-0.049403,0.122441,0.5,-0.179172,0.088664,-0.088156,-0.016357,-0.062554,-0.033008,-0.020089,-0.002833,-0.030013,0.028763,-0.114687,-0.026034
0.109796,0.012654,0.373446,0.003511,0.000667,-0.304113,0.952629,-0.08354,0.001498,0.028105,0.3,-0.238308,-0.00362,-0.208168,-0.032935,0.081627,0.4,-0.186115,0.059109,-0.044078,-0.008178,-0.031277,-0.016504,-0.010044,-0.001417,-0.015006,0.014381,-0.057343,-0.013017
0.109796,0.012654,0.375,0.0,0.0,-0.303967,0.952683,-0.08354,0.001498,0.028105,0.3,-0.238308,-0.00362,-0.154084,-0.016468,0.040814,0.3,-0.193057,0.029555,0.0,0.0,0.0,0.0,0.0,0.0,0.0,0.0,0.0,0.0
